date,quarter,sender_country,receiver_country,sender_currency,receiver_currency,corridor,provider,provider_type,send_amount_usd,total_cost_pct,fee_pct,fx_margin_pct,transfer_speed_days,payout_method,transparency_flag,source
2022-01-01,2022Q1,United States,Mexico,USD,MXN,United Statesâ†’Mexico,RPW_curated_bank_0,bank,200,0.04191415123926329,0.012457075619631648,0.022457075619631645,1,bank,True,world_bank_rpw_historical_curated
2022-01-01,2022Q1,United States,Mexico,USD,MXN,United Statesâ†’Mexico,RPW_curated_mto_1,mto,200,0.05188004768127851,0.016440023840639254,0.026440023840639256,0,cash,True,world_bank_rpw_historical_curated
2022-01-01,2022Q1,United States,India,USD,INR,United Statesâ†’India,RPW_curated_bank_2,bank,200,0.050251353587419376,0.011125676793709686,0.031125676793709686,1,bank,True,world_bank_rpw_historical_curated
2022-01-01,2022Q1,United States,India,USD,INR,United Statesâ†’India,RPW_curated_mto_3,mto,200,0.054821694149173636,0.009410847074586821,0.036410847074586826,0,cash,True,world_bank_rpw_historical_curated
2022-01-01,2022Q1,United States,Philippines,USD,PHP,United Statesâ†’Philippines,RPW_curated_bank_4,bank,200,0.038146894434038486,0.006073447217019245,0.025073447217019245,1,bank,True,world_bank_rpw_historical_curated
2022-01-01,2022Q1,United States,Colombia,USD,COP,United Statesâ†’Colombia,RPW_curated_mto_5,mto,200,0.054093461479413046,0.013046730739706523,0.030046730739706522,2,cash,True,world_bank_rpw_historical_curated
2022-01-01,2022Q1,United States,Brazil,USD,BRL,United Statesâ†’Brazil,RPW_curated_bank_6,bank,200,0.06238352120950186,0.01619176060475093,0.03419176060475093,2,bank,True,world_bank_rpw_historical_curated
2022-01-01,2022Q1,United States,Guatemala,USD,GTQ,United Statesâ†’Guatemala,RPW_curated_mto_7,mto,200,0.05005127222296925,0.013525636111484628,0.028525636111484627,1,cash,True,world_bank_rpw_historical_curated
2022-01-01,2022Q1,United States,El Salvador,USD,USD,United Statesâ†’El Salvador,RPW_curated_mto_8,mto,200,0.03794959652748713,0.009974798263743567,0.019974798263743567,0,cash,True,world_bank_rpw_historical_curated
2022-01-01,2022Q1,United States,Dominican Republic,USD,DOP,United Statesâ†’Dominican Republic,RPW_curated_mto_9,mto,200,0.04644086821727926,0.01072043410863963,0.02572043410863963,1,cash,True,world_bank_rpw_historical_curated
2022-01-01,2022Q1,Germany,Nigeria,EUR,NGN,Germanyâ†’Nigeria,RPW_curated_bank_10,bank,200,0.07363819392458848,0.01931909696229424,0.041319096962294244,2,bank,True,world_bank_rpw_historical_curated
2022-01-01,2022Q1,United Arab Emirates,Pakistan,AED,PKR,United Arab Emiratesâ†’Pakistan,RPW_curated_mto_11,mto,200,0.04133337580628685,0.009166687903143423,0.02516668790314342,1,cash,True,world_bank_rpw_historical_curated
2022-04-01,2022Q2,United States,Mexico,USD,MXN,United Statesâ†’Mexico,RPW_curated_bank_0,bank,200,0.03919809209268365,0.012099046046341825,0.022099046046341823,1,bank,True,world_bank_rpw_historical_curated
2022-04-01,2022Q2,United States,Mexico,USD,MXN,United Statesâ†’Mexico,RPW_curated_mto_1,mto,200,0.0563817236209041,0.01969086181045205,0.02969086181045205,0,cash,True,world_bank_rpw_historical_curated
2022-04-01,2022Q2,United States,India,USD,INR,United Statesâ†’India,RPW_curated_bank_2,bank,200,0.04740252802675614,0.010701264013378068,0.03070126401337807,1,bank,True,world_bank_rpw_historical_curated
2022-04-01,2022Q2,United States,India,USD,INR,United Statesâ†’India,RPW_curated_mto_3,mto,200,0.04742212261135028,0.006711061305675142,0.033711061305675145,0,cash,True,world_bank_rpw_historical_curated
2022-04-01,2022Q2,United States,Philippines,USD,PHP,United Statesâ†’Philippines,RPW_curated_bank_4,bank,200,0.04310625235224749,0.009553126176123748,0.02855312617612375,1,bank,True,world_bank_rpw_historical_curated
2022-04-01,2022Q2,United States,Colombia,USD,COP,United Statesâ†’Colombia,RPW_curated_mto_5,mto,200,0.053123352197513005,0.013561676098756501,0.030561676098756502,2,cash,True,world_bank_rpw_historical_curated
2022-04-01,2022Q2,United States,Brazil,USD,BRL,United Statesâ†’Brazil,RPW_curated_bank_6,bank,200,0.06263535090392182,0.01731767545196091,0.03531767545196091,2,bank,True,world_bank_rpw_historical_curated
2022-04-01,2022Q2,United States,Guatemala,USD,GTQ,United Statesâ†’Guatemala,RPW_curated_mto_7,mto,200,0.048850222267041235,0.01392511113352062,0.02892511113352062,1,cash,True,world_bank_rpw_historical_curated
2022-04-01,2022Q2,United States,El Salvador,USD,USD,United Statesâ†’El Salvador,RPW_curated_mto_8,mto,200,0.03544541290936422,0.009722706454682109,0.01972270645468211,0,cash,True,world_bank_rpw_historical_curated
2022-04-01,2022Q2,United States,Dominican Republic,USD,DOP,United Statesâ†’Dominican Republic,RPW_curated_mto_9,mto,200,0.04495721136678817,0.010978605683394089,0.025978605683394086,1,cash,True,world_bank_rpw_historical_curated
2022-04-01,2022Q2,Germany,Nigeria,EUR,NGN,Germanyâ†’Nigeria,RPW_curated_bank_10,bank,200,0.07266762401602209,0.019833812008011042,0.04183381200801105,2,bank,True,world_bank_rpw_historical_curated
2022-04-01,2022Q2,United Arab Emirates,Pakistan,AED,PKR,United Arab Emiratesâ†’Pakistan,RPW_curated_mto_11,mto,200,0.03653641155379359,0.007768205776896797,0.023768205776896797,1,cash,True,world_bank_rpw_historical_curated
2022-07-01,2022Q3,United States,Mexico,USD,MXN,United Statesâ†’Mexico,RPW_curated_bank_0,bank,200,0.03571501653351068,0.011357508266755339,0.021357508266755337,1,bank,True,world_bank_rpw_historical_curated
2022-07-01,2022Q3,United States,Mexico,USD,MXN,United Statesâ†’Mexico,RPW_curated_mto_1,mto,200,0.04994359934853532,0.017471799674267655,0.027471799674267657,0,cash,True,world_bank_rpw_historical_curated
2022-07-01,2022Q3,United States,India,USD,INR,United Statesâ†’India,RPW_curated_bank_2,bank,200,0.04559692755666005,0.010798463778330023,0.030798463778330024,1,bank,True,world_bank_rpw_historical_curated
2022-07-01,2022Q3,United States,India,USD,INR,United Statesâ†’India,RPW_curated_mto_3,mto,200,0.049096332193092236,0.008548166096546118,0.035548166096546124,0,cash,True,world_bank_rpw_historical_curated
2022-07-01,2022Q3,United States,Philippines,USD,PHP,United Statesâ†’Philippines,RPW_curated_bank_4,bank,200,0.04123819783478796,0.009619098917393981,0.028619098917393983,1,bank,True,world_bank_rpw_historical_curated
2022-07-01,2022Q3,United States,Colombia,USD,COP,United Statesâ†’Colombia,RPW_curated_mto_5,mto,200,0.05529246300902366,0.015646231504511825,0.032646231504511826,2,cash,True,world_bank_rpw_historical_curated
2022-07-01,2022Q3,United States,Brazil,USD,BRL,United Statesâ†’Brazil,RPW_curated_bank_6,bank,200,0.06442494280261138,0.019212471401305692,0.037212471401305694,2,bank,True,world_bank_rpw_historical_curated
2022-07-01,2022Q3,United States,Guatemala,USD,GTQ,United Statesâ†’Guatemala,RPW_curated_mto_7,mto,200,0.04578075495084615,0.013390377475423078,0.028390377475423077,1,cash,True,world_bank_rpw_historical_curated
2022-07-01,2022Q3,United States,El Salvador,USD,USD,United Statesâ†’El Salvador,RPW_curated_mto_8,mto,200,0.03246327181278539,0.009231635906392694,0.019231635906392694,0,cash,True,world_bank_rpw_historical_curated
2022-07-01,2022Q3,United States,Dominican Republic,USD,DOP,United Statesâ†’Dominican Republic,RPW_curated_mto_9,mto,200,0.04255868181525636,0.010779340907628183,0.025779340907628182,1,cash,True,world_bank_rpw_historical_curated
2022-07-01,2022Q3,Germany,Nigeria,EUR,NGN,Germanyâ†’Nigeria,RPW_curated_bank_10,bank,200,0.06884793826772648,0.018923969133863242,0.040923969133863244,2,bank,True,world_bank_rpw_historical_curated
2022-07-01,2022Q3,United Arab Emirates,Pakistan,AED,PKR,United Arab Emiratesâ†’Pakistan,RPW_curated_mto_11,mto,200,0.038386916878162675,0.009693458439081338,0.025693458439081336,1,cash,True,world_bank_rpw_historical_curated
2022-10-01,2022Q4,United States,Mexico,USD,MXN,United Statesâ†’Mexico,RPW_curated_bank_0,bank,200,0.03465815762703538,0.011829078813517687,0.021829078813517686,1,bank,True,world_bank_rpw_historical_curated
2022-10-01,2022Q4,United States,Mexico,USD,MXN,United Statesâ†’Mexico,RPW_curated_mto_1,mto,200,0.046479530569112415,0.016739765284556205,0.026739765284556207,0,cash,True,world_bank_rpw_historical_curated
2022-10-01,2022Q4,United States,India,USD,INR,United Statesâ†’India,RPW_curated_bank_2,bank,200,0.03952655635292628,0.00876327817646314,0.02876327817646314,1,bank,True,world_bank_rpw_historical_curated
2022-10-01,2022Q4,United States,India,USD,INR,United Statesâ†’India,RPW_curated_mto_3,mto,200,0.047951778363474105,0.008975889181737052,0.03597588918173705,0,cash,True,world_bank_rpw_historical_curated
2022-10-01,2022Q4,United States,Philippines,USD,PHP,United Statesâ†’Philippines,RPW_curated_bank_4,bank,200,0.04022976251361032,0.010114881256805163,0.029114881256805163,1,bank,True,world_bank_rpw_historical_curated
2022-10-01,2022Q4,United States,Colombia,USD,COP,United Statesâ†’Colombia,RPW_curated_mto_5,mto,200,0.05362946280491559,0.01581473140245779,0.032814731402457796,2,cash,True,world_bank_rpw_historical_curated
2022-10-01,2022Q4,United States,Brazil,USD,BRL,United Statesâ†’Brazil,RPW_curated_bank_6,bank,200,0.05400347087813392,0.015001735439066959,0.03300173543906696,2,bank,True,world_bank_rpw_historical_curated
2022-10-01,2022Q4,United States,Guatemala,USD,GTQ,United Statesâ†’Guatemala,RPW_curated_mto_7,mto,200,0.04569648396920016,0.01434824198460008,0.029348241984600083,1,cash,True,world_bank_rpw_historical_curated
2022-10-01,2022Q4,United States,El Salvador,USD,USD,United Statesâ†’El Salvador,RPW_curated_mto_8,mto,200,0.03235005742742218,0.010175028713711093,0.02017502871371109,0,cash,True,world_bank_rpw_historical_curated
2022-10-01,2022Q4,United States,Dominican Republic,USD,DOP,United Statesâ†’Dominican Republic,RPW_curated_mto_9,mto,200,0.04365606579018704,0.01232803289509352,0.02732803289509352,1,cash,True,world_bank_rpw_historical_curated
2022-10-01,2022Q4,Germany,Nigeria,EUR,NGN,Germanyâ†’Nigeria,RPW_curated_bank_10,bank,200,0.06761428633384456,0.019307143166922284,0.041307143166922286,2,bank,True,world_bank_rpw_historical_curated
2022-10-01,2022Q4,United Arab Emirates,Pakistan,AED,PKR,United Arab Emiratesâ†’Pakistan,RPW_curated_mto_11,mto,200,0.03367078664632405,0.008335393323162023,0.024335393323162025,1,cash,True,world_bank_rpw_historical_curated
2023-01-01,2023Q1,United States,Mexico,USD,MXN,United Statesâ†’Mexico,RPW_curated_bank_0,bank,200,0.03503674068921569,0.013018370344607842,0.023018370344607842,1,bank,True,world_bank_rpw_historical_curated
2023-01-01,2023Q1,United States,Mexico,USD,MXN,United Statesâ†’Mexico,RPW_curated_mto_1,mto,200,0.047202737208466676,0.018101368604233337,0.02810136860423334,0,cash,True,world_bank_rpw_historical_curated
2023-01-01,2023Q1,United States,India,USD,INR,United Statesâ†’India,RPW_curated_bank_2,bank,200,0.04086735819606995,0.010433679098034977,0.030433679098034974,1,bank,True,world_bank_rpw_historical_curated
2023-01-01,2023Q1,United States,India,USD,INR,United Statesâ†’India,RPW_curated_mto_3,mto,200,0.04589386467751562,0.008946932338757811,0.035946932338757814,0,cash,True,world_bank_rpw_historical_curated
2023-01-01,2023Q1,United States,Philippines,USD,PHP,United Statesâ†’Philippines,RPW_curated_bank_4,bank,200,0.031628532540433,0.0068142662702165,0.0258142662702165,1,bank,True,world_bank_rpw_historical_curated
2023-01-01,2023Q1,United States,Colombia,USD,COP,United Statesâ†’Colombia,RPW_curated_mto_5,mto,200,0.0490409863509281,0.014520493175464047,0.03152049317546405,2,cash,True,world_bank_rpw_historical_curated
2023-01-01,2023Q1,United States,Brazil,USD,BRL,United Statesâ†’Brazil,RPW_curated_bank_6,bank,200,0.052588882037121615,0.015294441018560806,0.03329444101856081,2,bank,True,world_bank_rpw_historical_curated
2023-01-01,2023Q1,United States,Guatemala,USD,GTQ,United Statesâ†’Guatemala,RPW_curated_mto_7,mto,200,0.04108336645526997,0.013041683227634987,0.02804168322763499,1,cash,True,world_bank_rpw_historical_curated
2023-01-01,2023Q1,United States,El Salvador,USD,USD,United Statesâ†’El Salvador,RPW_curated_mto_8,mto,200,0.02917457324631995,0.009587286623159975,0.019587286623159974,0,cash,True,world_bank_rpw_historical_curated
2023-01-01,2023Q1,United States,Dominican Republic,USD,DOP,United Statesâ†’Dominican Republic,RPW_curated_mto_9,mto,200,0.04548482393370319,0.014242411966851594,0.029242411966851595,1,cash,True,world_bank_rpw_historical_curated
2023-01-01,2023Q1,Germany,Nigeria,EUR,NGN,Germanyâ†’Nigeria,RPW_curated_bank_10,bank,200,0.06040250665292027,0.016701253326460132,0.038701253326460135,2,bank,True,world_bank_rpw_historical_curated
2023-01-01,2023Q1,United Arab Emirates,Pakistan,AED,PKR,United Arab Emiratesâ†’Pakistan,RPW_curated_mto_11,mto,200,0.033904835063774445,0.009452417531887221,0.025452417531887223,1,cash,True,world_bank_rpw_historical_curated
2023-04-01,2023Q2,United States,Mexico,USD,MXN,United Statesâ†’Mexico,RPW_curated_bank_0,bank,200,0.025951390685152585,0.009475695342576293,0.01947569534257629,1,bank,True,world_bank_rpw_historical_curated
2023-04-01,2023Q2,United States,Mexico,USD,MXN,United Statesâ†’Mexico,RPW_curated_mto_1,mto,200,0.04399534491004267,0.017497672455021335,0.027497672455021337,0,cash,True,world_bank_rpw_historical_curated
2023-04-01,2023Q2,United States,India,USD,INR,United Statesâ†’India,RPW_curated_bank_2,bank,200,0.03848825919531502,0.010244129597657508,0.03024412959765751,1,bank,True,world_bank_rpw_historical_curated
2023-04-01,2023Q2,United States,India,USD,INR,United Statesâ†’India,RPW_curated_mto_3,mto,200,0.04375866699407783,0.008879333497038917,0.03587933349703892,0,cash,True,world_bank_rpw_historical_curated
2023-04-01,2023Q2,United States,Philippines,USD,PHP,United Statesâ†’Philippines,RPW_curated_bank_4,bank,200,0.03613367973937856,0.010066839869689282,0.029066839869689283,1,bank,True,world_bank_rpw_historical_curated
2023-04-01,2023Q2,United States,Colombia,USD,COP,United Statesâ†’Colombia,RPW_curated_mto_5,mto,200,0.05038004170559977,0.016190020852799886,0.03319002085279989,2,cash,True,world_bank_rpw_historical_curated
2023-04-01,2023Q2,United States,Brazil,USD,BRL,United Statesâ†’Brazil,RPW_curated_bank_6,bank,200,0.050953824783254685,0.015476912391627344,0.033476912391627346,2,bank,True,world_bank_rpw_historical_curated
2023-04-01,2023Q2,United States,Guatemala,USD,GTQ,United Statesâ†’Guatemala,RPW_curated_mto_7,mto,200,0.03961294462200629,0.01330647231100315,0.02830647231100315,1,cash,True,world_bank_rpw_historical_curated
2023-04-01,2023Q2,United States,El Salvador,USD,USD,United Statesâ†’El Salvador,RPW_curated_mto_8,mto,200,0.03057392764377146,0.01128696382188573,0.021286963821885732,0,cash,True,world_bank_rpw_historical_curated
2023-04-01,2023Q2,United States,Dominican Republic,USD,DOP,United Statesâ†’Dominican Republic,RPW_curated_mto_9,mto,200,0.03842608702535515,0.011713043512677579,0.026713043512677576,1,cash,True,world_bank_rpw_historical_curated
2023-04-01,2023Q2,Germany,Nigeria,EUR,NGN,Germanyâ†’Nigeria,RPW_curated_bank_10,bank,200,0.05717294102998623,0.016086470514993116,0.038086470514993115,2,bank,True,world_bank_rpw_historical_curated
2023-04-01,2023Q2,United Arab Emirates,Pakistan,AED,PKR,United Arab Emiratesâ†’Pakistan,RPW_curated_mto_11,mto,200,0.025600138357989556,0.006300069178994779,0.02230006917899478,1,cash,True,world_bank_rpw_historical_curated
2023-07-01,2023Q3,United States,Mexico,USD,MXN,United Statesâ†’Mexico,RPW_curated_bank_0,bank,200,0.026241643141995168,0.010620821570997583,0.02062082157099758,1,bank,True,world_bank_rpw_historical_curated
2023-07-01,2023Q3,United States,Mexico,USD,MXN,United Statesâ†’Mexico,RPW_curated_mto_1,mto,200,0.04449148223216129,0.018745741116080645,0.028745741116080647,0,cash,True,world_bank_rpw_historical_curated
2023-07-01,2023Q3,United States,India,USD,INR,United Statesâ†’India,RPW_curated_bank_2,bank,200,0.0364272772082117,0.010213638604105848,0.030213638604105846,1,bank,True,world_bank_rpw_historical_curated
2023-07-01,2023Q3,United States,India,USD,INR,United Statesâ†’India,RPW_curated_mto_3,mto,200,0.0420714560622033,0.009035728031101652,0.03603572803110166,0,cash,True,world_bank_rpw_historical_curated
2023-07-01,2023Q3,United States,Philippines,USD,PHP,United Statesâ†’Philippines,RPW_curated_bank_4,bank,200,0.030718242060990397,0.008359121030495197,0.0273591210304952,1,bank,True,world_bank_rpw_historical_curated
2023-07-01,2023Q3,United States,Colombia,USD,COP,United Statesâ†’Colombia,RPW_curated_mto_5,mto,200,0.04647561907323014,0.015237809536615072,0.03223780953661507,2,cash,True,world_bank_rpw_historical_curated
2023-07-01,2023Q3,United States,Brazil,USD,BRL,United Statesâ†’Brazil,RPW_curated_bank_6,bank,200,0.051876771181902016,0.016938385590951007,0.034938385590951006,2,bank,True,world_bank_rpw_historical_curated
2023-07-01,2023Q3,United States,Guatemala,USD,GTQ,United Statesâ†’Guatemala,RPW_curated_mto_7,mto,200,0.03807196038083928,0.013535980190419643,0.028535980190419644,1,cash,True,world_bank_rpw_historical_curated
2023-07-01,2023Q3,United States,El Salvador,USD,USD,United Statesâ†’El Salvador,RPW_curated_mto_8,mto,200,0.027370325712672235,0.010685162856336118,0.020685162856336117,0,cash,True,world_bank_rpw_historical_curated
2023-07-01,2023Q3,United States,Dominican Republic,USD,DOP,United Statesâ†’Dominican Republic,RPW_curated_mto_9,mto,200,0.03501422217680005,0.011007111088400023,0.026007111088400023,1,cash,True,world_bank_rpw_historical_curated
2023-07-01,2023Q3,Germany,Nigeria,EUR,NGN,Germanyâ†’Nigeria,RPW_curated_bank_10,bank,200,0.05791083846030478,0.01745541923015239,0.039455419230152396,2,bank,True,world_bank_rpw_historical_curated
2023-07-01,2023Q3,United Arab Emirates,Pakistan,AED,PKR,United Arab Emiratesâ†’Pakistan,RPW_curated_mto_11,mto,200,0.025854786318005012,0.0074273931590025065,0.023427393159002507,1,cash,True,world_bank_rpw_historical_curated
2023-10-01,2023Q4,United States,Mexico,USD,MXN,United Statesâ†’Mexico,RPW_curated_bank_0,bank,200,0.023412481063232883,0.01020624053161644,0.02020624053161644,1,bank,True,world_bank_rpw_historical_curated
2023-10-01,2023Q4,United States,Mexico,USD,MXN,United Statesâ†’Mexico,RPW_curated_mto_1,mto,200,0.04246091744235675,0.018730458721178372,0.028730458721178374,0,cash,True,world_bank_rpw_historical_curated
2023-10-01,2023Q4,United States,India,USD,INR,United Statesâ†’India,RPW_curated_bank_2,bank,200,0.03259179297939183,0.009295896489695914,0.029295896489695914,1,bank,True,world_bank_rpw_historical_curated
2023-10-01,2023Q4,United States,India,USD,INR,United Statesâ†’India,RPW_curated_mto_3,mto,200,0.03803748235618306,0.00801874117809153,0.035018741178091534,0,cash,True,world_bank_rpw_historical_curated
2023-10-01,2023Q4,United States,Philippines,USD,PHP,United Statesâ†’Philippines,RPW_curated_bank_4,bank,200,0.031442239976717724,0.009721119988358862,0.028721119988358863,1,bank,True,world_bank_rpw_historical_curated
2023-10-01,2023Q4,United States,Colombia,USD,COP,United Statesâ†’Colombia,RPW_curated_mto_5,mto,200,0.04533959352808983,0.015669796764044917,0.03266979676404492,2,cash,True,world_bank_rpw_historical_curated
2023-10-01,2023Q4,United States,Brazil,USD,BRL,United Statesâ†’Brazil,RPW_curated_bank_6,bank,200,0.04999615532691836,0.01699807766345918,0.03499807766345918,2,bank,True,world_bank_rpw_historical_curated
2023-10-01,2023Q4,United States,Guatemala,USD,GTQ,United Statesâ†’Guatemala,RPW_curated_mto_7,mto,200,0.03670454354647173,0.013852271773235865,0.028852271773235866,1,cash,True,world_bank_rpw_historical_curated
2023-10-01,2023Q4,United States,El Salvador,USD,USD,United Statesâ†’El Salvador,RPW_curated_mto_8,mto,200,0.02273010506386754,0.00936505253193377,0.01936505253193377,0,cash,True,world_bank_rpw_historical_curated
2023-10-01,2023Q4,United States,Dominican Republic,USD,DOP,United Statesâ†’Dominican Republic,RPW_curated_mto_9,mto,200,0.03476084536728081,0.011880422683640401,0.026880422683640402,1,cash,True,world_bank_rpw_historical_curated
2023-10-01,2023Q4,Germany,Nigeria,EUR,NGN,Germanyâ†’Nigeria,RPW_curated_bank_10,bank,200,0.051937996698125904,0.015468998349062953,0.037468998349062956,2,bank,True,world_bank_rpw_historical_curated
2023-10-01,2023Q4,United Arab Emirates,Pakistan,AED,PKR,United Arab Emiratesâ†’Pakistan,RPW_curated_mto_11,mto,200,0.02065866258273074,0.005829331291365369,0.02182933129136537,1,cash,True,world_bank_rpw_historical_curated
2024-01-01,2024Q1,United States,Mexico,USD,MXN,United Statesâ†’Mexico,RPW_curated_bank_0,bank,200,0.021031901162936795,0.010015950581468397,0.020015950581468395,1,bank,True,world_bank_rpw_historical_curated
2024-01-01,2024Q1,United States,Mexico,USD,MXN,United Statesâ†’Mexico,RPW_curated_mto_1,mto,200,0.03600825951719555,0.016504129758597774,0.026504129758597776,0,cash,True,world_bank_rpw_historical_curated
2024-01-01,2024Q1,United States,India,USD,INR,United Statesâ†’India,RPW_curated_bank_2,bank,200,0.03319932268017031,0.010599661340085154,0.030599661340085155,1,bank,True,world_bank_rpw_historical_curated
2024-01-01,2024Q1,United States,India,USD,INR,United Statesâ†’India,RPW_curated_mto_3,mto,200,0.03328356283391982,0.006641781416959909,0.033641781416959914,0,cash,True,world_bank_rpw_historical_curated
2024-01-01,2024Q1,United States,Philippines,USD,PHP,United Statesâ†’Philippines,RPW_curated_bank_4,bank,200,0.026865512337881828,0.008432756168940915,0.027432756168940916,1,bank,True,world_bank_rpw_historical_curated
2024-01-01,2024Q1,United States,Colombia,USD,COP,United Statesâ†’Colombia,RPW_curated_mto_5,mto,200,0.0458976848933582,0.0169488424466791,0.033948842446679096,2,cash,True,world_bank_rpw_historical_curated
2024-01-01,2024Q1,United States,Brazil,USD,BRL,United Statesâ†’Brazil,RPW_curated_bank_6,bank,200,0.04493120808681572,0.015465604043407861,0.033465604043407864,2,bank,True,world_bank_rpw_historical_curated
2024-01-01,2024Q1,United States,Guatemala,USD,GTQ,United Statesâ†’Guatemala,RPW_curated_mto_7,mto,200,0.03721254670540126,0.01510627335270063,0.030106273352700632,1,cash,True,world_bank_rpw_historical_curated
2024-01-01,2024Q1,United States,El Salvador,USD,USD,United Statesâ†’El Salvador,RPW_curated_mto_8,mto,200,0.02,0.008599573479985185,0.018599573479985185,0,cash,True,world_bank_rpw_historical_curated
2024-01-01,2024Q1,United States,Dominican Republic,USD,DOP,United Statesâ†’Dominican Republic,RPW_curated_mto_9,mto,200,0.03238368732639711,0.011691843663198555,0.026691843663198555,1,cash,True,world_bank_rpw_historical_curated
2024-01-01,2024Q1,Germany,Nigeria,EUR,NGN,Germanyâ†’Nigeria,RPW_curated_bank_10,bank,200,0.05214993383526825,0.016574966917634125,0.03857496691763413,2,bank,True,world_bank_rpw_historical_curated
2024-01-01,2024Q1,United Arab Emirates,Pakistan,AED,PKR,United Arab Emiratesâ†’Pakistan,RPW_curated_mto_11,mto,200,0.021982900772298312,0.007491450386149156,0.02349145038614916,1,cash,True,world_bank_rpw_historical_curated
2024-04-01,2024Q2,United States,Mexico,USD,MXN,United Statesâ†’Mexico,RPW_curated_bank_0,bank,200,0.025520924412372185,0.013260462206186093,0.02326046220618609,1,bank,True,world_bank_rpw_historical_curated
2024-04-01,2024Q2,United States,Mexico,USD,MXN,United Statesâ†’Mexico,RPW_curated_mto_1,mto,200,0.03181803873042295,0.015409019365211475,0.025409019365211477,0,cash,True,world_bank_rpw_historical_curated
2024-04-01,2024Q2,United States,India,USD,INR,United Statesâ†’India,RPW_curated_bank_2,bank,200,0.03130327093063757,0.010651635465318787,0.030651635465318783,1,bank,True,world_bank_rpw_historical_curated
2024-04-01,2024Q2,United States,India,USD,INR,United Statesâ†’India,RPW_curated_mto_3,mto,200,0.03471320680699683,0.008356603403498418,0.03535660340349842,0,cash,True,world_bank_rpw_historical_curated
2024-04-01,2024Q2,United States,Philippines,USD,PHP,United Statesâ†’Philippines,RPW_curated_bank_4,bank,200,0.02421755013290961,0.008108775066454807,0.02710877506645481,1,bank,True,world_bank_rpw_historical_curated
2024-04-01,2024Q2,United States,Colombia,USD,COP,United Statesâ†’Colombia,RPW_curated_mto_5,mto,200,0.03566182643683464,0.012830913218417318,0.02983091321841732,2,cash,True,world_bank_rpw_historical_curated
2024-04-01,2024Q2,United States,Brazil,USD,BRL,United Statesâ†’Brazil,RPW_curated_bank_6,bank,200,0.04421638852314161,0.016108194261570806,0.03410819426157081,2,bank,True,world_bank_rpw_historical_curated
2024-04-01,2024Q2,United States,Guatemala,USD,GTQ,United Statesâ†’Guatemala,RPW_curated_mto_7,mto,200,0.03141152187280859,0.013205760936404297,0.028205760936404298,1,cash,True,world_bank_rpw_historical_curated
2024-04-01,2024Q2,United States,El Salvador,USD,USD,United Statesâ†’El Salvador,RPW_curated_mto_8,mto,200,0.02069802863406411,0.010349014317032057,0.020349014317032055,0,cash,True,world_bank_rpw_historical_curated
2024-04-01,2024Q2,United States,Dominican Republic,USD,DOP,United Statesâ†’Dominican Republic,RPW_curated_mto_9,mto,200,0.03106555643657033,0.012032778218285165,0.027032778218285165,1,cash,True,world_bank_rpw_historical_curated
2024-04-01,2024Q2,Germany,Nigeria,EUR,NGN,Germanyâ†’Nigeria,RPW_curated_bank_10,bank,200,0.05780533667396274,0.020402668336981372,0.04240266833698137,2,bank,True,world_bank_rpw_historical_curated
2024-04-01,2024Q2,United Arab Emirates,Pakistan,AED,PKR,United Arab Emiratesâ†’Pakistan,RPW_curated_mto_11,mto,200,0.020281933117580926,0.0076409665587904635,0.023640966558790465,1,cash,True,world_bank_rpw_historical_curated
2024-07-01,2024Q3,United States,Mexico,USD,MXN,United Statesâ†’Mexico,RPW_curated_bank_0,bank,200,0.02,0.010464753761067203,0.0204647537610672,1,bank,True,world_bank_rpw_historical_curated
2024-07-01,2024Q3,United States,Mexico,USD,MXN,United Statesâ†’Mexico,RPW_curated_mto_1,mto,200,0.03553782690486895,0.018268913452434473,0.028268913452434475,0,cash,True,world_bank_rpw_historical_curated
2024-07-01,2024Q3,United States,India,USD,INR,United Statesâ†’India,RPW_curated_bank_2,bank,200,0.028659990051915295,0.010329995025957647,0.030329995025957648,1,bank,True,world_bank_rpw_historical_curated
2024-07-01,2024Q3,United States,India,USD,INR,United Statesâ†’India,RPW_curated_mto_3,mto,200,0.03607756272572131,0.010038781362860655,0.03703878136286066,0,cash,True,world_bank_rpw_historical_curated
2024-07-01,2024Q3,United States,Philippines,USD,PHP,United Statesâ†’Philippines,RPW_curated_bank_4,bank,200,0.026505333737743733,0.010252666868871867,0.029252666868871867,1,bank,True,world_bank_rpw_historical_curated
2024-07-01,2024Q3,United States,Colombia,USD,COP,United Statesâ†’Colombia,RPW_curated_mto_5,mto,200,0.03907061317744853,0.015535306588724264,0.032535306588724264,2,cash,True,world_bank_rpw_historical_curated
2024-07-01,2024Q3,United States,Brazil,USD,BRL,United Statesâ†’Brazil,RPW_curated_bank_6,bank,200,0.04638990867365868,0.01819495433682934,0.036194954336829344,2,bank,True,world_bank_rpw_historical_curated
2024-07-01,2024Q3,United States,Guatemala,USD,GTQ,United Statesâ†’Guatemala,RPW_curated_mto_7,mto,200,0.027433710837031444,0.012216855418515724,0.027216855418515724,1,cash,True,world_bank_rpw_historical_curated
2024-07-01,2024Q3,United States,El Salvador,USD,USD,United Statesâ†’El Salvador,RPW_curated_mto_8,mto,200,0.02,0.009040372700875378,0.01904037270087538,0,cash,True,world_bank_rpw_historical_curated
2024-07-01,2024Q3,United States,Dominican Republic,USD,DOP,United Statesâ†’Dominican Republic,RPW_curated_mto_9,mto,200,0.026220272175783425,0.010610136087891712,0.025610136087891713,1,cash,True,world_bank_rpw_historical_curated
2024-07-01,2024Q3,Germany,Nigeria,EUR,NGN,Germanyâ†’Nigeria,RPW_curated_bank_10,bank,200,0.04983057059053268,0.017415285295266345,0.03941528529526635,2,bank,True,world_bank_rpw_historical_curated
2024-07-01,2024Q3,United Arab Emirates,Pakistan,AED,PKR,United Arab Emiratesâ†’Pakistan,RPW_curated_mto_11,mto,200,0.02,0.005934970778665537,0.021934970778665536,1,cash,True,world_bank_rpw_historical_curated
2024-10-01,2024Q4,United States,Mexico,USD,MXN,United Statesâ†’Mexico,RPW_curated_bank_0,bank,200,0.020905452840443216,0.012952726420221607,0.022952726420221604,1,bank,True,world_bank_rpw_historical_curated
2024-10-01,2024Q4,United States,Mexico,USD,MXN,United Statesâ†’Mexico,RPW_curated_mto_1,mto,200,0.03233333190870368,0.01766666595435184,0.02766666595435184,0,cash,True,world_bank_rpw_historical_curated
2024-10-01,2024Q4,United States,India,USD,INR,United Statesâ†’India,RPW_curated_bank_2,bank,200,0.02158758111649203,0.007793790558246014,0.02779379055824601,1,bank,True,world_bank_rpw_historical_curated
2024-10-01,2024Q4,United States,India,USD,INR,United Statesâ†’India,RPW_curated_mto_3,mto,200,0.026953262756377373,0.006476631378188688,0.03347663137818869,0,cash,True,world_bank_rpw_historical_curated
2024-10-01,2024Q4,United States,Philippines,USD,PHP,United Statesâ†’Philippines,RPW_curated_bank_4,bank,200,0.022940541542350583,0.009470270771175293,0.028470270771175293,1,bank,True,world_bank_rpw_historical_curated
2024-10-01,2024Q4,United States,Colombia,USD,COP,United Statesâ†’Colombia,RPW_curated_mto_5,mto,200,0.03851437970368315,0.01625718985184157,0.03325718985184157,2,cash,True,world_bank_rpw_historical_curated
2024-10-01,2024Q4,United States,Brazil,USD,BRL,United Statesâ†’Brazil,RPW_curated_bank_6,bank,200,0.04599019267507536,0.01899509633753768,0.03699509633753768,2,bank,True,world_bank_rpw_historical_curated
2024-10-01,2024Q4,United States,Guatemala,USD,GTQ,United Statesâ†’Guatemala,RPW_curated_mto_7,mto,200,0.037741587398021983,0.018370793699010995,0.033370793699011,1,cash,True,world_bank_rpw_historical_curated
2024-10-01,2024Q4,United States,El Salvador,USD,USD,United Statesâ†’El Salvador,RPW_curated_mto_8,mto,200,0.02,0.010621614149913994,0.020621614149913994,0,cash,True,world_bank_rpw_historical_curated
2024-10-01,2024Q4,United States,Dominican Republic,USD,DOP,United Statesâ†’Dominican Republic,RPW_curated_mto_9,mto,200,0.02403138563990441,0.010515692819952203,0.025515692819952203,1,cash,True,world_bank_rpw_historical_curated
2024-10-01,2024Q4,Germany,Nigeria,EUR,NGN,Germanyâ†’Nigeria,RPW_curated_bank_10,bank,200,0.04260386115780607,0.014801930578903034,0.03680193057890304,2,bank,True,world_bank_rpw_historical_curated
2024-10-01,2024Q4,United Arab Emirates,Pakistan,AED,PKR,United Arab Emiratesâ†’Pakistan,RPW_curated_mto_11,mto,200,0.02,0.008401567193515754,0.024401567193515755,1,cash,True,world_bank_rpw_historical_curated
