date,corridor,country,stablecoin,exchange_or_provider,off_ramp_fee_pct,fiat_withdrawal_fee_pct,estimated_off_ramp_time_hours,kyc_required_flag,compliance_delay_hours,local_bank_dependency_flag,source_name,source_url_or_reference,data_provider,publication_date,extraction_date,vintage_date,update_frequency,license_or_usage_note,raw_file_name,raw_file_hash_sha256,transformation_script,methodology_version,observed_vs_estimated_flag,official_vs_manual_flag,mock_data_flag,source_id,credibility_tier,blockchain_network,jurisdiction,data_quality_score,data_quality_grade,missing_data_pct,imputation_flag,outlier_flag,unit_of_measure,currency,time_zone,date_granularity,confidence_score,estimated_redemption_time_hours,ledger_finality_seconds,ledger_finality_hours,compliance_drag_hours,effective_economic_finality_hours,compliance_drag_index,off_ramp_time_hours,redemption_time_hours,legal_finality_hours,ledger_vs_effective_gap_hours,interpretation,sensitivity_case,limitations,entity,entity_type
2024-12-01,US → Mexico,Mexico,USDC,Demo Exchange,1.373769408170587,0.6998539087287944,13.702128046478363,True,19.70257362708742,True,Synthetic Demo Data,N/A,Stablecoin Lab generator,,2026-06-01,,monthly,Do not use for research conclusions or investment decisions.,,n/a,stablecoin_lab/src/data/build_dataset.py,stablecoin-lab-credible-1.0,estimated,official,True,MOCK_DEMO_ONLY,5,,Mexico,30,Demo only,0.0,False,False,USD,USD,UTC,daily,0.1,24.0,12.0,0.0033333333333333335,57.40470167356578,57.40803500689911,0.0,13.702128046478363,24.0,0.0,57.40470167356578,Compliance dominates settlement (estimated),baseline,"Compliance drag measures institutional delay beyond ledger confirmation. Effective finality hours use stated compliance, off-ramp, and redemption assumptions. Measurement framework only — studies stablecoin settlement windows, finality, and payment-infrastructure risk under stated assumptions. Does not prove causal effects without identification. Not financial advice, not investment recommendation, not a recommendation to buy, sell, or hold any stablecoin or crypto asset, and not operational guidance for live treasury or payment systems.",US → Mexico | USDC,corridor
2024-12-01,US → Mexico,Mexico,USDC,Local OTC,0.4373019333539598,0.43379825014150103,11.2701342997737,True,4.006788642182039,True,Synthetic Demo Data,N/A,Stablecoin Lab generator,,2026-06-01,,monthly,Do not use for research conclusions or investment decisions.,,n/a,stablecoin_lab/src/data/build_dataset.py,stablecoin-lab-credible-1.0,estimated,official,True,MOCK_DEMO_ONLY,5,,Mexico,30,Demo only,0.0,False,False,USD,USD,UTC,daily,0.1,24.0,12.0,0.0033333333333333335,39.27692294195574,39.28025627528907,0.0,11.2701342997737,24.0,0.0,39.27692294195574,Compliance dominates settlement (estimated),baseline,"Compliance drag measures institutional delay beyond ledger confirmation. Effective finality hours use stated compliance, off-ramp, and redemption assumptions. Measurement framework only — studies stablecoin settlement windows, finality, and payment-infrastructure risk under stated assumptions. Does not prove causal effects without identification. Not financial advice, not investment recommendation, not a recommendation to buy, sell, or hold any stablecoin or crypto asset, and not operational guidance for live treasury or payment systems.",US → Mexico | USDC,corridor
2024-12-01,US → Mexico,Mexico,USDC,Mobile Wallet Partner,0.6243406629200552,0.3385606508524362,16.50321330776212,True,29.018363493424882,True,Synthetic Demo Data,N/A,Stablecoin Lab generator,,2026-06-01,,monthly,Do not use for research conclusions or investment decisions.,,n/a,stablecoin_lab/src/data/build_dataset.py,stablecoin-lab-credible-1.0,estimated,official,True,MOCK_DEMO_ONLY,5,,Mexico,30,Demo only,0.0,False,False,USD,USD,UTC,daily,0.1,24.0,12.0,0.0033333333333333335,69.521576801187,69.52491013452033,0.0,16.50321330776212,24.0,0.0,69.521576801187,Compliance dominates settlement (estimated),baseline,"Compliance drag measures institutional delay beyond ledger confirmation. Effective finality hours use stated compliance, off-ramp, and redemption assumptions. Measurement framework only — studies stablecoin settlement windows, finality, and payment-infrastructure risk under stated assumptions. Does not prove causal effects without identification. Not financial advice, not investment recommendation, not a recommendation to buy, sell, or hold any stablecoin or crypto asset, and not operational guidance for live treasury or payment systems.",US → Mexico | USDC,corridor
2024-12-01,US → Mexico,Mexico,USDT,Demo Exchange,0.8469840799655056,0.49083550583966074,18.312796568611773,True,13.576229417885965,True,Synthetic Demo Data,N/A,Stablecoin Lab generator,,2026-06-01,,monthly,Do not use for research conclusions or investment decisions.,,n/a,stablecoin_lab/src/data/build_dataset.py,stablecoin-lab-credible-1.0,estimated,official,True,MOCK_DEMO_ONLY,5,,Mexico,30,Demo only,0.0,False,False,USD,USD,UTC,daily,0.1,48.0,12.0,0.0033333333333333335,79.88902598649774,79.89235931983107,0.0,18.312796568611773,48.0,0.0,79.88902598649774,Compliance dominates settlement (estimated),baseline,"Compliance drag measures institutional delay beyond ledger confirmation. Effective finality hours use stated compliance, off-ramp, and redemption assumptions. Measurement framework only — studies stablecoin settlement windows, finality, and payment-infrastructure risk under stated assumptions. Does not prove causal effects without identification. Not financial advice, not investment recommendation, not a recommendation to buy, sell, or hold any stablecoin or crypto asset, and not operational guidance for live treasury or payment systems.",US → Mexico | USDT,corridor
2024-12-01,US → Mexico,Mexico,USDT,Local OTC,1.348562715607895,0.7779109837127595,6.790429534545114,True,45.92203881902382,True,Synthetic Demo Data,N/A,Stablecoin Lab generator,,2026-06-01,,monthly,Do not use for research conclusions or investment decisions.,,n/a,stablecoin_lab/src/data/build_dataset.py,stablecoin-lab-credible-1.0,estimated,official,True,MOCK_DEMO_ONLY,5,,Mexico,30,Demo only,0.0,False,False,USD,USD,UTC,daily,0.1,48.0,12.0,0.0033333333333333335,100.71246835356894,100.71580168690227,0.0,6.790429534545114,48.0,0.0,100.71246835356894,Compliance dominates settlement (estimated),baseline,"Compliance drag measures institutional delay beyond ledger confirmation. Effective finality hours use stated compliance, off-ramp, and redemption assumptions. Measurement framework only — studies stablecoin settlement windows, finality, and payment-infrastructure risk under stated assumptions. Does not prove causal effects without identification. Not financial advice, not investment recommendation, not a recommendation to buy, sell, or hold any stablecoin or crypto asset, and not operational guidance for live treasury or payment systems.",US → Mexico | USDT,corridor
2024-12-01,US → Mexico,Mexico,USDT,Mobile Wallet Partner,0.4254722923359063,0.392552416851052,20.375191116207745,True,41.937439806931145,True,Synthetic Demo Data,N/A,Stablecoin Lab generator,,2026-06-01,,monthly,Do not use for research conclusions or investment decisions.,,n/a,stablecoin_lab/src/data/build_dataset.py,stablecoin-lab-credible-1.0,estimated,official,True,MOCK_DEMO_ONLY,5,,Mexico,30,Demo only,0.0,False,False,USD,USD,UTC,daily,0.1,48.0,12.0,0.0033333333333333335,110.3126309231389,110.31596425647223,0.0,20.375191116207745,48.0,0.0,110.3126309231389,Compliance dominates settlement (estimated),baseline,"Compliance drag measures institutional delay beyond ledger confirmation. Effective finality hours use stated compliance, off-ramp, and redemption assumptions. Measurement framework only — studies stablecoin settlement windows, finality, and payment-infrastructure risk under stated assumptions. Does not prove causal effects without identification. Not financial advice, not investment recommendation, not a recommendation to buy, sell, or hold any stablecoin or crypto asset, and not operational guidance for live treasury or payment systems.",US → Mexico | USDT,corridor
2024-12-01,US → Mexico,Mexico,PYUSD,Demo Exchange,0.7660061150715574,0.16837973752105778,6.848427186791815,True,41.271642255455674,True,Synthetic Demo Data,N/A,Stablecoin Lab generator,,2026-06-01,,monthly,Do not use for research conclusions or investment decisions.,,n/a,stablecoin_lab/src/data/build_dataset.py,stablecoin-lab-credible-1.0,estimated,official,True,MOCK_DEMO_ONLY,5,,Mexico,30,Demo only,0.0,False,False,USD,USD,UTC,daily,0.1,,12.0,0.0033333333333333335,72.12006944224748,72.12340277558081,0.0,6.848427186791815,24.0,0.0,72.12006944224748,Compliance dominates settlement (estimated),baseline,"Compliance drag measures institutional delay beyond ledger confirmation. Effective finality hours use stated compliance, off-ramp, and redemption assumptions. Measurement framework only — studies stablecoin settlement windows, finality, and payment-infrastructure risk under stated assumptions. Does not prove causal effects without identification. Not financial advice, not investment recommendation, not a recommendation to buy, sell, or hold any stablecoin or crypto asset, and not operational guidance for live treasury or payment systems.",US → Mexico | PYUSD,corridor
2024-12-01,US → Mexico,Mexico,PYUSD,Local OTC,0.880721426428846,0.6901861354240221,13.556284862060355,True,38.182494708385136,True,Synthetic Demo Data,N/A,Stablecoin Lab generator,,2026-06-01,,monthly,Do not use for research conclusions or investment decisions.,,n/a,stablecoin_lab/src/data/build_dataset.py,stablecoin-lab-credible-1.0,estimated,official,True,MOCK_DEMO_ONLY,5,,Mexico,30,Demo only,0.0,False,False,USD,USD,UTC,daily,0.1,,12.0,0.0033333333333333335,75.73877957044549,75.74211290377882,0.0,13.556284862060355,24.0,0.0,75.73877957044549,Compliance dominates settlement (estimated),baseline,"Compliance drag measures institutional delay beyond ledger confirmation. Effective finality hours use stated compliance, off-ramp, and redemption assumptions. Measurement framework only — studies stablecoin settlement windows, finality, and payment-infrastructure risk under stated assumptions. Does not prove causal effects without identification. Not financial advice, not investment recommendation, not a recommendation to buy, sell, or hold any stablecoin or crypto asset, and not operational guidance for live treasury or payment systems.",US → Mexico | PYUSD,corridor
2024-12-01,US → Mexico,Mexico,PYUSD,Mobile Wallet Partner,0.31853631246483377,0.12366308702548265,17.224922577401255,True,6.463327186014923,True,Synthetic Demo Data,N/A,Stablecoin Lab generator,,2026-06-01,,monthly,Do not use for research conclusions or investment decisions.,,n/a,stablecoin_lab/src/data/build_dataset.py,stablecoin-lab-credible-1.0,estimated,official,True,MOCK_DEMO_ONLY,5,,Mexico,30,Demo only,0.0,False,False,USD,USD,UTC,daily,0.1,,12.0,0.0033333333333333335,47.68824976341618,47.69158309674951,0.0,17.224922577401255,24.0,0.0,47.68824976341618,Compliance dominates settlement (estimated),baseline,"Compliance drag measures institutional delay beyond ledger confirmation. Effective finality hours use stated compliance, off-ramp, and redemption assumptions. Measurement framework only — studies stablecoin settlement windows, finality, and payment-infrastructure risk under stated assumptions. Does not prove causal effects without identification. Not financial advice, not investment recommendation, not a recommendation to buy, sell, or hold any stablecoin or crypto asset, and not operational guidance for live treasury or payment systems.",US → Mexico | PYUSD,corridor
2024-12-01,US → Philippines,Philippines,USDC,Demo Exchange,0.6920691168590838,0.7626299291807557,9.296882123263734,True,23.819707417606878,False,Synthetic Demo Data,N/A,Stablecoin Lab generator,,2026-06-01,,monthly,Do not use for research conclusions or investment decisions.,,n/a,stablecoin_lab/src/data/build_dataset.py,stablecoin-lab-credible-1.0,estimated,official,True,MOCK_DEMO_ONLY,5,,Philippines,30,Demo only,0.0,False,False,USD,USD,UTC,daily,0.1,24.0,12.0,0.0033333333333333335,57.11658954087061,57.119922874203944,0.0,9.296882123263734,24.0,0.0,57.11658954087061,Compliance dominates settlement (estimated),baseline,"Compliance drag measures institutional delay beyond ledger confirmation. Effective finality hours use stated compliance, off-ramp, and redemption assumptions. Measurement framework only — studies stablecoin settlement windows, finality, and payment-infrastructure risk under stated assumptions. Does not prove causal effects without identification. Not financial advice, not investment recommendation, not a recommendation to buy, sell, or hold any stablecoin or crypto asset, and not operational guidance for live treasury or payment systems.",US → Philippines | USDC,corridor
2024-12-01,US → Philippines,Philippines,USDC,Local OTC,1.0451062045209016,0.16246813265531507,7.245308082940895,True,36.56792773367508,False,Synthetic Demo Data,N/A,Stablecoin Lab generator,,2026-06-01,,monthly,Do not use for research conclusions or investment decisions.,,n/a,stablecoin_lab/src/data/build_dataset.py,stablecoin-lab-credible-1.0,estimated,official,True,MOCK_DEMO_ONLY,5,,Philippines,30,Demo only,0.0,False,False,USD,USD,UTC,daily,0.1,24.0,12.0,0.0033333333333333335,67.81323581661597,67.8165691499493,0.0,7.245308082940895,24.0,0.0,67.81323581661597,Compliance dominates settlement (estimated),baseline,"Compliance drag measures institutional delay beyond ledger confirmation. Effective finality hours use stated compliance, off-ramp, and redemption assumptions. Measurement framework only — studies stablecoin settlement windows, finality, and payment-infrastructure risk under stated assumptions. Does not prove causal effects without identification. Not financial advice, not investment recommendation, not a recommendation to buy, sell, or hold any stablecoin or crypto asset, and not operational guidance for live treasury or payment systems.",US → Philippines | USDC,corridor
2024-12-01,US → Philippines,Philippines,USDC,Mobile Wallet Partner,1.1676530887579615,0.42092985659845794,14.968474720524572,True,19.54522531600655,False,Synthetic Demo Data,N/A,Stablecoin Lab generator,,2026-06-01,,monthly,Do not use for research conclusions or investment decisions.,,n/a,stablecoin_lab/src/data/build_dataset.py,stablecoin-lab-credible-1.0,estimated,official,True,MOCK_DEMO_ONLY,5,,Philippines,30,Demo only,0.0,False,False,USD,USD,UTC,daily,0.1,24.0,12.0,0.0033333333333333335,58.51370003653112,58.51703336986445,0.0,14.968474720524572,24.0,0.0,58.51370003653112,Compliance dominates settlement (estimated),baseline,"Compliance drag measures institutional delay beyond ledger confirmation. Effective finality hours use stated compliance, off-ramp, and redemption assumptions. Measurement framework only — studies stablecoin settlement windows, finality, and payment-infrastructure risk under stated assumptions. Does not prove causal effects without identification. Not financial advice, not investment recommendation, not a recommendation to buy, sell, or hold any stablecoin or crypto asset, and not operational guidance for live treasury or payment systems.",US → Philippines | USDC,corridor
2024-12-01,US → Philippines,Philippines,USDT,Demo Exchange,1.4141283716406947,0.40894213521695755,19.866217736832823,True,20.961671355456662,False,Synthetic Demo Data,N/A,Stablecoin Lab generator,,2026-06-01,,monthly,Do not use for research conclusions or investment decisions.,,n/a,stablecoin_lab/src/data/build_dataset.py,stablecoin-lab-credible-1.0,estimated,official,True,MOCK_DEMO_ONLY,5,,Philippines,30,Demo only,0.0,False,False,USD,USD,UTC,daily,0.1,48.0,12.0,0.0033333333333333335,88.82788909228948,88.83122242562281,0.0,19.866217736832823,48.0,0.0,88.82788909228948,Compliance dominates settlement (estimated),baseline,"Compliance drag measures institutional delay beyond ledger confirmation. Effective finality hours use stated compliance, off-ramp, and redemption assumptions. Measurement framework only — studies stablecoin settlement windows, finality, and payment-infrastructure risk under stated assumptions. Does not prove causal effects without identification. Not financial advice, not investment recommendation, not a recommendation to buy, sell, or hold any stablecoin or crypto asset, and not operational guidance for live treasury or payment systems.",US → Philippines | USDT,corridor
2024-12-01,US → Philippines,Philippines,USDT,Local OTC,0.8248834198434244,0.38940666638473626,19.492332517560225,True,18.412185560594157,False,Synthetic Demo Data,N/A,Stablecoin Lab generator,,2026-06-01,,monthly,Do not use for research conclusions or investment decisions.,,n/a,stablecoin_lab/src/data/build_dataset.py,stablecoin-lab-credible-1.0,estimated,official,True,MOCK_DEMO_ONLY,5,,Philippines,30,Demo only,0.0,False,False,USD,USD,UTC,daily,0.1,48.0,12.0,0.0033333333333333335,85.90451807815438,85.90785141148771,0.0,19.492332517560225,48.0,0.0,85.90451807815438,Compliance dominates settlement (estimated),baseline,"Compliance drag measures institutional delay beyond ledger confirmation. Effective finality hours use stated compliance, off-ramp, and redemption assumptions. Measurement framework only — studies stablecoin settlement windows, finality, and payment-infrastructure risk under stated assumptions. Does not prove causal effects without identification. Not financial advice, not investment recommendation, not a recommendation to buy, sell, or hold any stablecoin or crypto asset, and not operational guidance for live treasury or payment systems.",US → Philippines | USDT,corridor
2024-12-01,US → Philippines,Philippines,USDT,Mobile Wallet Partner,0.7686733189566353,0.29416583299578963,7.913613796544326,True,3.517685074959845,False,Synthetic Demo Data,N/A,Stablecoin Lab generator,,2026-06-01,,monthly,Do not use for research conclusions or investment decisions.,,n/a,stablecoin_lab/src/data/build_dataset.py,stablecoin-lab-credible-1.0,estimated,official,True,MOCK_DEMO_ONLY,5,,Philippines,30,Demo only,0.0,False,False,USD,USD,UTC,daily,0.1,48.0,12.0,0.0033333333333333335,59.43129887150417,59.4346322048375,0.0,7.913613796544326,48.0,0.0,59.43129887150417,Compliance dominates settlement (estimated),baseline,"Compliance drag measures institutional delay beyond ledger confirmation. Effective finality hours use stated compliance, off-ramp, and redemption assumptions. Measurement framework only — studies stablecoin settlement windows, finality, and payment-infrastructure risk under stated assumptions. Does not prove causal effects without identification. Not financial advice, not investment recommendation, not a recommendation to buy, sell, or hold any stablecoin or crypto asset, and not operational guidance for live treasury or payment systems.",US → Philippines | USDT,corridor
2024-12-01,US → Philippines,Philippines,PYUSD,Demo Exchange,1.4286452463948311,0.12351931888281674,20.129745548404447,True,44.17997566539902,False,Synthetic Demo Data,N/A,Stablecoin Lab generator,,2026-06-01,,monthly,Do not use for research conclusions or investment decisions.,,n/a,stablecoin_lab/src/data/build_dataset.py,stablecoin-lab-credible-1.0,estimated,official,True,MOCK_DEMO_ONLY,5,,Philippines,30,Demo only,0.0,False,False,USD,USD,UTC,daily,0.1,,12.0,0.0033333333333333335,88.30972121380347,88.3130545471368,0.0,20.129745548404447,24.0,0.0,88.30972121380347,Compliance dominates settlement (estimated),baseline,"Compliance drag measures institutional delay beyond ledger confirmation. Effective finality hours use stated compliance, off-ramp, and redemption assumptions. Measurement framework only — studies stablecoin settlement windows, finality, and payment-infrastructure risk under stated assumptions. Does not prove causal effects without identification. Not financial advice, not investment recommendation, not a recommendation to buy, sell, or hold any stablecoin or crypto asset, and not operational guidance for live treasury or payment systems.",US → Philippines | PYUSD,corridor
2024-12-01,US → Philippines,Philippines,PYUSD,Local OTC,0.6747454772580623,0.470963320943752,5.487905390431168,True,37.89236504058975,False,Synthetic Demo Data,N/A,Stablecoin Lab generator,,2026-06-01,,monthly,Do not use for research conclusions or investment decisions.,,n/a,stablecoin_lab/src/data/build_dataset.py,stablecoin-lab-credible-1.0,estimated,official,True,MOCK_DEMO_ONLY,5,,Philippines,30,Demo only,0.0,False,False,USD,USD,UTC,daily,0.1,,12.0,0.0033333333333333335,67.38027043102092,67.38360376435425,0.0,5.487905390431168,24.0,0.0,67.38027043102092,Compliance dominates settlement (estimated),baseline,"Compliance drag measures institutional delay beyond ledger confirmation. Effective finality hours use stated compliance, off-ramp, and redemption assumptions. Measurement framework only — studies stablecoin settlement windows, finality, and payment-infrastructure risk under stated assumptions. Does not prove causal effects without identification. Not financial advice, not investment recommendation, not a recommendation to buy, sell, or hold any stablecoin or crypto asset, and not operational guidance for live treasury or payment systems.",US → Philippines | PYUSD,corridor
2024-12-01,US → Philippines,Philippines,PYUSD,Mobile Wallet Partner,0.6619323431858548,0.1366330056320721,1.1836770964001837,True,23.55917647627504,False,Synthetic Demo Data,N/A,Stablecoin Lab generator,,2026-06-01,,monthly,Do not use for research conclusions or investment decisions.,,n/a,stablecoin_lab/src/data/build_dataset.py,stablecoin-lab-credible-1.0,estimated,official,True,MOCK_DEMO_ONLY,5,,Philippines,30,Demo only,0.0,False,False,USD,USD,UTC,daily,0.1,,12.0,0.0033333333333333335,48.74285357267523,48.74618690600856,0.0,1.1836770964001837,24.0,0.0,48.74285357267523,Compliance dominates settlement (estimated),baseline,"Compliance drag measures institutional delay beyond ledger confirmation. Effective finality hours use stated compliance, off-ramp, and redemption assumptions. Measurement framework only — studies stablecoin settlement windows, finality, and payment-infrastructure risk under stated assumptions. Does not prove causal effects without identification. Not financial advice, not investment recommendation, not a recommendation to buy, sell, or hold any stablecoin or crypto asset, and not operational guidance for live treasury or payment systems.",US → Philippines | PYUSD,corridor
2024-12-01,US → Brazil,Brazil,USDC,Demo Exchange,0.38111348809179413,0.25831598647672216,18.980436573531613,True,40.41031687922744,True,Synthetic Demo Data,N/A,Stablecoin Lab generator,,2026-06-01,,monthly,Do not use for research conclusions or investment decisions.,,n/a,stablecoin_lab/src/data/build_dataset.py,stablecoin-lab-credible-1.0,estimated,official,True,MOCK_DEMO_ONLY,5,,Brazil,30,Demo only,0.0,False,False,USD,USD,UTC,daily,0.1,24.0,12.0,0.0033333333333333335,83.39075345275904,83.39408678609237,0.0,18.980436573531613,24.0,0.0,83.39075345275904,Compliance dominates settlement (estimated),baseline,"Compliance drag measures institutional delay beyond ledger confirmation. Effective finality hours use stated compliance, off-ramp, and redemption assumptions. Measurement framework only — studies stablecoin settlement windows, finality, and payment-infrastructure risk under stated assumptions. Does not prove causal effects without identification. Not financial advice, not investment recommendation, not a recommendation to buy, sell, or hold any stablecoin or crypto asset, and not operational guidance for live treasury or payment systems.",US → Brazil | USDC,corridor
2024-12-01,US → Brazil,Brazil,USDC,Local OTC,1.0163405969997632,0.6119277341368535,14.313030839846462,True,34.6188563239351,True,Synthetic Demo Data,N/A,Stablecoin Lab generator,,2026-06-01,,monthly,Do not use for research conclusions or investment decisions.,,n/a,stablecoin_lab/src/data/build_dataset.py,stablecoin-lab-credible-1.0,estimated,official,True,MOCK_DEMO_ONLY,5,,Brazil,30,Demo only,0.0,False,False,USD,USD,UTC,daily,0.1,24.0,12.0,0.0033333333333333335,72.93188716378157,72.9352204971149,0.0,14.313030839846462,24.0,0.0,72.93188716378157,Compliance dominates settlement (estimated),baseline,"Compliance drag measures institutional delay beyond ledger confirmation. Effective finality hours use stated compliance, off-ramp, and redemption assumptions. Measurement framework only — studies stablecoin settlement windows, finality, and payment-infrastructure risk under stated assumptions. Does not prove causal effects without identification. Not financial advice, not investment recommendation, not a recommendation to buy, sell, or hold any stablecoin or crypto asset, and not operational guidance for live treasury or payment systems.",US → Brazil | USDC,corridor
2024-12-01,US → Brazil,Brazil,USDC,Mobile Wallet Partner,0.7490668622834988,0.516363694779097,1.768907025583098,True,3.305976018113298,True,Synthetic Demo Data,N/A,Stablecoin Lab generator,,2026-06-01,,monthly,Do not use for research conclusions or investment decisions.,,n/a,stablecoin_lab/src/data/build_dataset.py,stablecoin-lab-credible-1.0,estimated,official,True,MOCK_DEMO_ONLY,5,,Brazil,30,Demo only,0.0,False,False,USD,USD,UTC,daily,0.1,24.0,12.0,0.0033333333333333335,29.074883043696396,29.07821637702973,0.0,1.768907025583098,24.0,0.0,29.074883043696396,Compliance dominates settlement (estimated),baseline,"Compliance drag measures institutional delay beyond ledger confirmation. Effective finality hours use stated compliance, off-ramp, and redemption assumptions. Measurement framework only — studies stablecoin settlement windows, finality, and payment-infrastructure risk under stated assumptions. Does not prove causal effects without identification. Not financial advice, not investment recommendation, not a recommendation to buy, sell, or hold any stablecoin or crypto asset, and not operational guidance for live treasury or payment systems.",US → Brazil | USDC,corridor
2024-12-01,US → Brazil,Brazil,USDT,Demo Exchange,1.196341249095562,0.39969222076736866,9.284154311852056,True,42.39618475998728,True,Synthetic Demo Data,N/A,Stablecoin Lab generator,,2026-06-01,,monthly,Do not use for research conclusions or investment decisions.,,n/a,stablecoin_lab/src/data/build_dataset.py,stablecoin-lab-credible-1.0,estimated,official,True,MOCK_DEMO_ONLY,5,,Brazil,30,Demo only,0.0,False,False,USD,USD,UTC,daily,0.1,48.0,12.0,0.0033333333333333335,99.68033907183934,99.68367240517267,0.0,9.284154311852056,48.0,0.0,99.68033907183934,Compliance dominates settlement (estimated),baseline,"Compliance drag measures institutional delay beyond ledger confirmation. Effective finality hours use stated compliance, off-ramp, and redemption assumptions. Measurement framework only — studies stablecoin settlement windows, finality, and payment-infrastructure risk under stated assumptions. Does not prove causal effects without identification. Not financial advice, not investment recommendation, not a recommendation to buy, sell, or hold any stablecoin or crypto asset, and not operational guidance for live treasury or payment systems.",US → Brazil | USDT,corridor
2024-12-01,US → Brazil,Brazil,USDT,Local OTC,0.327168920709827,0.3031511865155965,4.955181790983109,True,5.626093144682931,True,Synthetic Demo Data,N/A,Stablecoin Lab generator,,2026-06-01,,monthly,Do not use for research conclusions or investment decisions.,,n/a,stablecoin_lab/src/data/build_dataset.py,stablecoin-lab-credible-1.0,estimated,official,True,MOCK_DEMO_ONLY,5,,Brazil,30,Demo only,0.0,False,False,USD,USD,UTC,daily,0.1,48.0,12.0,0.0033333333333333335,58.581274935666045,58.584608268999375,0.0,4.955181790983109,48.0,0.0,58.581274935666045,Compliance dominates settlement (estimated),baseline,"Compliance drag measures institutional delay beyond ledger confirmation. Effective finality hours use stated compliance, off-ramp, and redemption assumptions. Measurement framework only — studies stablecoin settlement windows, finality, and payment-infrastructure risk under stated assumptions. Does not prove causal effects without identification. Not financial advice, not investment recommendation, not a recommendation to buy, sell, or hold any stablecoin or crypto asset, and not operational guidance for live treasury or payment systems.",US → Brazil | USDT,corridor
2024-12-01,US → Brazil,Brazil,USDT,Mobile Wallet Partner,0.45551110072763007,0.10842116740251848,19.27876996392733,True,21.853666505077832,True,Synthetic Demo Data,N/A,Stablecoin Lab generator,,2026-06-01,,monthly,Do not use for research conclusions or investment decisions.,,n/a,stablecoin_lab/src/data/build_dataset.py,stablecoin-lab-credible-1.0,estimated,official,True,MOCK_DEMO_ONLY,5,,Brazil,30,Demo only,0.0,False,False,USD,USD,UTC,daily,0.1,48.0,12.0,0.0033333333333333335,89.13243646900517,89.1357698023385,0.0,19.27876996392733,48.0,0.0,89.13243646900517,Compliance dominates settlement (estimated),baseline,"Compliance drag measures institutional delay beyond ledger confirmation. Effective finality hours use stated compliance, off-ramp, and redemption assumptions. Measurement framework only — studies stablecoin settlement windows, finality, and payment-infrastructure risk under stated assumptions. Does not prove causal effects without identification. Not financial advice, not investment recommendation, not a recommendation to buy, sell, or hold any stablecoin or crypto asset, and not operational guidance for live treasury or payment systems.",US → Brazil | USDT,corridor
2024-12-01,US → Brazil,Brazil,PYUSD,Demo Exchange,0.9854410203640196,0.2513413200938235,12.70244685317521,True,15.946318073899297,True,Synthetic Demo Data,N/A,Stablecoin Lab generator,,2026-06-01,,monthly,Do not use for research conclusions or investment decisions.,,n/a,stablecoin_lab/src/data/build_dataset.py,stablecoin-lab-credible-1.0,estimated,official,True,MOCK_DEMO_ONLY,5,,Brazil,30,Demo only,0.0,False,False,USD,USD,UTC,daily,0.1,,12.0,0.0033333333333333335,52.64876492707451,52.65209826040784,0.0,12.70244685317521,24.0,0.0,52.64876492707451,Compliance dominates settlement (estimated),baseline,"Compliance drag measures institutional delay beyond ledger confirmation. Effective finality hours use stated compliance, off-ramp, and redemption assumptions. Measurement framework only — studies stablecoin settlement windows, finality, and payment-infrastructure risk under stated assumptions. Does not prove causal effects without identification. Not financial advice, not investment recommendation, not a recommendation to buy, sell, or hold any stablecoin or crypto asset, and not operational guidance for live treasury or payment systems.",US → Brazil | PYUSD,corridor
2024-12-01,US → Brazil,Brazil,PYUSD,Local OTC,1.1529364561597348,0.5418844695728641,5.103847758672375,True,4.445593425294778,True,Synthetic Demo Data,N/A,Stablecoin Lab generator,,2026-06-01,,monthly,Do not use for research conclusions or investment decisions.,,n/a,stablecoin_lab/src/data/build_dataset.py,stablecoin-lab-credible-1.0,estimated,official,True,MOCK_DEMO_ONLY,5,,Brazil,30,Demo only,0.0,False,False,USD,USD,UTC,daily,0.1,,12.0,0.0033333333333333335,33.549441183967154,33.552774517300485,0.0,5.103847758672375,24.0,0.0,33.549441183967154,Compliance dominates settlement (estimated),baseline,"Compliance drag measures institutional delay beyond ledger confirmation. Effective finality hours use stated compliance, off-ramp, and redemption assumptions. Measurement framework only — studies stablecoin settlement windows, finality, and payment-infrastructure risk under stated assumptions. Does not prove causal effects without identification. Not financial advice, not investment recommendation, not a recommendation to buy, sell, or hold any stablecoin or crypto asset, and not operational guidance for live treasury or payment systems.",US → Brazil | PYUSD,corridor
2024-12-01,US → Brazil,Brazil,PYUSD,Mobile Wallet Partner,0.6986121278666636,0.4353806520717903,10.882476115768876,True,16.926876175266464,True,Synthetic Demo Data,N/A,Stablecoin Lab generator,,2026-06-01,,monthly,Do not use for research conclusions or investment decisions.,,n/a,stablecoin_lab/src/data/build_dataset.py,stablecoin-lab-credible-1.0,estimated,official,True,MOCK_DEMO_ONLY,5,,Brazil,30,Demo only,0.0,False,False,USD,USD,UTC,daily,0.1,,12.0,0.0033333333333333335,51.80935229103534,51.81268562436867,0.0,10.882476115768876,24.0,0.0,51.80935229103534,Compliance dominates settlement (estimated),baseline,"Compliance drag measures institutional delay beyond ledger confirmation. Effective finality hours use stated compliance, off-ramp, and redemption assumptions. Measurement framework only — studies stablecoin settlement windows, finality, and payment-infrastructure risk under stated assumptions. Does not prove causal effects without identification. Not financial advice, not investment recommendation, not a recommendation to buy, sell, or hold any stablecoin or crypto asset, and not operational guidance for live treasury or payment systems.",US → Brazil | PYUSD,corridor
2024-12-01,US → Colombia,Colombia,USDC,Demo Exchange,1.4712871056603838,0.5232636093127603,19.610236126050676,True,38.216173997328816,True,Synthetic Demo Data,N/A,Stablecoin Lab generator,,2026-06-01,,monthly,Do not use for research conclusions or investment decisions.,,n/a,stablecoin_lab/src/data/build_dataset.py,stablecoin-lab-credible-1.0,estimated,official,True,MOCK_DEMO_ONLY,5,,Colombia,30,Demo only,0.0,False,False,USD,USD,UTC,daily,0.1,24.0,12.0,0.0033333333333333335,81.82641012337949,81.82974345671282,0.0,19.610236126050676,24.0,0.0,81.82641012337949,Compliance dominates settlement (estimated),baseline,"Compliance drag measures institutional delay beyond ledger confirmation. Effective finality hours use stated compliance, off-ramp, and redemption assumptions. Measurement framework only — studies stablecoin settlement windows, finality, and payment-infrastructure risk under stated assumptions. Does not prove causal effects without identification. Not financial advice, not investment recommendation, not a recommendation to buy, sell, or hold any stablecoin or crypto asset, and not operational guidance for live treasury or payment systems.",US → Colombia | USDC,corridor
2024-12-01,US → Colombia,Colombia,USDC,Local OTC,0.5969297736227628,0.24362847869247264,14.619276535728034,True,4.860931938787566,True,Synthetic Demo Data,N/A,Stablecoin Lab generator,,2026-06-01,,monthly,Do not use for research conclusions or investment decisions.,,n/a,stablecoin_lab/src/data/build_dataset.py,stablecoin-lab-credible-1.0,estimated,official,True,MOCK_DEMO_ONLY,5,,Colombia,30,Demo only,0.0,False,False,USD,USD,UTC,daily,0.1,24.0,12.0,0.0033333333333333335,43.4802084745156,43.48354180784893,0.0,14.619276535728034,24.0,0.0,43.4802084745156,Compliance dominates settlement (estimated),baseline,"Compliance drag measures institutional delay beyond ledger confirmation. Effective finality hours use stated compliance, off-ramp, and redemption assumptions. Measurement framework only — studies stablecoin settlement windows, finality, and payment-infrastructure risk under stated assumptions. Does not prove causal effects without identification. Not financial advice, not investment recommendation, not a recommendation to buy, sell, or hold any stablecoin or crypto asset, and not operational guidance for live treasury or payment systems.",US → Colombia | USDC,corridor
2024-12-01,US → Colombia,Colombia,USDC,Mobile Wallet Partner,0.4135340655960394,0.4242378885932576,10.748744187894065,True,42.59753534593795,True,Synthetic Demo Data,N/A,Stablecoin Lab generator,,2026-06-01,,monthly,Do not use for research conclusions or investment decisions.,,n/a,stablecoin_lab/src/data/build_dataset.py,stablecoin-lab-credible-1.0,estimated,official,True,MOCK_DEMO_ONLY,5,,Colombia,30,Demo only,0.0,False,False,USD,USD,UTC,daily,0.1,24.0,12.0,0.0033333333333333335,77.34627953383202,77.34961286716535,0.0,10.748744187894065,24.0,0.0,77.34627953383202,Compliance dominates settlement (estimated),baseline,"Compliance drag measures institutional delay beyond ledger confirmation. Effective finality hours use stated compliance, off-ramp, and redemption assumptions. Measurement framework only — studies stablecoin settlement windows, finality, and payment-infrastructure risk under stated assumptions. Does not prove causal effects without identification. Not financial advice, not investment recommendation, not a recommendation to buy, sell, or hold any stablecoin or crypto asset, and not operational guidance for live treasury or payment systems.",US → Colombia | USDC,corridor
2024-12-01,US → Colombia,Colombia,USDT,Demo Exchange,0.5516368792067583,0.45135851494212287,18.604429492654297,True,21.849432192715017,True,Synthetic Demo Data,N/A,Stablecoin Lab generator,,2026-06-01,,monthly,Do not use for research conclusions or investment decisions.,,n/a,stablecoin_lab/src/data/build_dataset.py,stablecoin-lab-credible-1.0,estimated,official,True,MOCK_DEMO_ONLY,5,,Colombia,30,Demo only,0.0,False,False,USD,USD,UTC,daily,0.1,48.0,12.0,0.0033333333333333335,88.45386168536932,88.45719501870265,0.0,18.604429492654297,48.0,0.0,88.45386168536932,Compliance dominates settlement (estimated),baseline,"Compliance drag measures institutional delay beyond ledger confirmation. Effective finality hours use stated compliance, off-ramp, and redemption assumptions. Measurement framework only — studies stablecoin settlement windows, finality, and payment-infrastructure risk under stated assumptions. Does not prove causal effects without identification. Not financial advice, not investment recommendation, not a recommendation to buy, sell, or hold any stablecoin or crypto asset, and not operational guidance for live treasury or payment systems.",US → Colombia | USDT,corridor
2024-12-01,US → Colombia,Colombia,USDT,Local OTC,0.7010247374771129,0.14249015275432583,1.5589836258793526,True,12.767242158255826,True,Synthetic Demo Data,N/A,Stablecoin Lab generator,,2026-06-01,,monthly,Do not use for research conclusions or investment decisions.,,n/a,stablecoin_lab/src/data/build_dataset.py,stablecoin-lab-credible-1.0,estimated,official,True,MOCK_DEMO_ONLY,5,,Colombia,30,Demo only,0.0,False,False,USD,USD,UTC,daily,0.1,48.0,12.0,0.0033333333333333335,62.326225784135175,62.329559117468506,0.0,1.5589836258793526,48.0,0.0,62.326225784135175,Compliance dominates settlement (estimated),baseline,"Compliance drag measures institutional delay beyond ledger confirmation. Effective finality hours use stated compliance, off-ramp, and redemption assumptions. Measurement framework only — studies stablecoin settlement windows, finality, and payment-infrastructure risk under stated assumptions. Does not prove causal effects without identification. Not financial advice, not investment recommendation, not a recommendation to buy, sell, or hold any stablecoin or crypto asset, and not operational guidance for live treasury or payment systems.",US → Colombia | USDT,corridor
2024-12-01,US → Colombia,Colombia,USDT,Mobile Wallet Partner,1.1507799209325416,0.521681063741236,6.043258656747015,True,8.606017105035566,True,Synthetic Demo Data,N/A,Stablecoin Lab generator,,2026-06-01,,monthly,Do not use for research conclusions or investment decisions.,,n/a,stablecoin_lab/src/data/build_dataset.py,stablecoin-lab-credible-1.0,estimated,official,True,MOCK_DEMO_ONLY,5,,Colombia,30,Demo only,0.0,False,False,USD,USD,UTC,daily,0.1,48.0,12.0,0.0033333333333333335,62.649275761782576,62.652609095115906,0.0,6.043258656747015,48.0,0.0,62.649275761782576,Compliance dominates settlement (estimated),baseline,"Compliance drag measures institutional delay beyond ledger confirmation. Effective finality hours use stated compliance, off-ramp, and redemption assumptions. Measurement framework only — studies stablecoin settlement windows, finality, and payment-infrastructure risk under stated assumptions. Does not prove causal effects without identification. Not financial advice, not investment recommendation, not a recommendation to buy, sell, or hold any stablecoin or crypto asset, and not operational guidance for live treasury or payment systems.",US → Colombia | USDT,corridor
2024-12-01,US → Colombia,Colombia,PYUSD,Demo Exchange,0.931977057304392,0.7086364560704453,12.579833834700365,True,8.13284203232013,True,Synthetic Demo Data,N/A,Stablecoin Lab generator,,2026-06-01,,monthly,Do not use for research conclusions or investment decisions.,,n/a,stablecoin_lab/src/data/build_dataset.py,stablecoin-lab-credible-1.0,estimated,official,True,MOCK_DEMO_ONLY,5,,Colombia,30,Demo only,0.0,False,False,USD,USD,UTC,daily,0.1,,12.0,0.0033333333333333335,44.712675867020494,44.716009200353824,0.0,12.579833834700365,24.0,0.0,44.712675867020494,Compliance dominates settlement (estimated),baseline,"Compliance drag measures institutional delay beyond ledger confirmation. Effective finality hours use stated compliance, off-ramp, and redemption assumptions. Measurement framework only — studies stablecoin settlement windows, finality, and payment-infrastructure risk under stated assumptions. Does not prove causal effects without identification. Not financial advice, not investment recommendation, not a recommendation to buy, sell, or hold any stablecoin or crypto asset, and not operational guidance for live treasury or payment systems.",US → Colombia | PYUSD,corridor
2024-12-01,US → Colombia,Colombia,PYUSD,Local OTC,1.1519391414760267,0.1569382319985032,17.81740595449339,True,21.6226452949296,True,Synthetic Demo Data,N/A,Stablecoin Lab generator,,2026-06-01,,monthly,Do not use for research conclusions or investment decisions.,,n/a,stablecoin_lab/src/data/build_dataset.py,stablecoin-lab-credible-1.0,estimated,official,True,MOCK_DEMO_ONLY,5,,Colombia,30,Demo only,0.0,False,False,USD,USD,UTC,daily,0.1,,12.0,0.0033333333333333335,63.44005124942299,63.44338458275632,0.0,17.81740595449339,24.0,0.0,63.44005124942299,Compliance dominates settlement (estimated),baseline,"Compliance drag measures institutional delay beyond ledger confirmation. Effective finality hours use stated compliance, off-ramp, and redemption assumptions. Measurement framework only — studies stablecoin settlement windows, finality, and payment-infrastructure risk under stated assumptions. Does not prove causal effects without identification. Not financial advice, not investment recommendation, not a recommendation to buy, sell, or hold any stablecoin or crypto asset, and not operational guidance for live treasury or payment systems.",US → Colombia | PYUSD,corridor
2024-12-01,US → Colombia,Colombia,PYUSD,Mobile Wallet Partner,0.5285299452263553,0.752156796683613,4.290366210151247,True,32.36911436869676,True,Synthetic Demo Data,N/A,Stablecoin Lab generator,,2026-06-01,,monthly,Do not use for research conclusions or investment decisions.,,n/a,stablecoin_lab/src/data/build_dataset.py,stablecoin-lab-credible-1.0,estimated,official,True,MOCK_DEMO_ONLY,5,,Colombia,30,Demo only,0.0,False,False,USD,USD,UTC,daily,0.1,,12.0,0.0033333333333333335,60.65948057884801,60.66281391218134,0.0,4.290366210151247,24.0,0.0,60.65948057884801,Compliance dominates settlement (estimated),baseline,"Compliance drag measures institutional delay beyond ledger confirmation. Effective finality hours use stated compliance, off-ramp, and redemption assumptions. Measurement framework only — studies stablecoin settlement windows, finality, and payment-infrastructure risk under stated assumptions. Does not prove causal effects without identification. Not financial advice, not investment recommendation, not a recommendation to buy, sell, or hold any stablecoin or crypto asset, and not operational guidance for live treasury or payment systems.",US → Colombia | PYUSD,corridor
2024-12-01,Euro Area → Nigeria,Nigeria,USDC,Demo Exchange,1.451623023121014,0.5464227300830115,20.337534699250366,True,26.532427104621252,True,Synthetic Demo Data,N/A,Stablecoin Lab generator,,2026-06-01,,monthly,Do not use for research conclusions or investment decisions.,,n/a,stablecoin_lab/src/data/build_dataset.py,stablecoin-lab-credible-1.0,estimated,official,True,MOCK_DEMO_ONLY,5,,Nigeria,30,Demo only,0.0,False,False,USD,USD,UTC,daily,0.1,24.0,12.0,0.0033333333333333335,70.86996180387162,70.87329513720495,0.0,20.337534699250366,24.0,0.0,70.86996180387162,Compliance dominates settlement (estimated),baseline,"Compliance drag measures institutional delay beyond ledger confirmation. Effective finality hours use stated compliance, off-ramp, and redemption assumptions. Measurement framework only — studies stablecoin settlement windows, finality, and payment-infrastructure risk under stated assumptions. Does not prove causal effects without identification. Not financial advice, not investment recommendation, not a recommendation to buy, sell, or hold any stablecoin or crypto asset, and not operational guidance for live treasury or payment systems.",Euro Area → Nigeria | USDC,corridor
2024-12-01,Euro Area → Nigeria,Nigeria,USDC,Local OTC,1.3571266084933535,0.45723553510488935,4.831818197053644,True,12.21139251940721,True,Synthetic Demo Data,N/A,Stablecoin Lab generator,,2026-06-01,,monthly,Do not use for research conclusions or investment decisions.,,n/a,stablecoin_lab/src/data/build_dataset.py,stablecoin-lab-credible-1.0,estimated,official,True,MOCK_DEMO_ONLY,5,,Nigeria,30,Demo only,0.0,False,False,USD,USD,UTC,daily,0.1,24.0,12.0,0.0033333333333333335,41.043210716460855,41.046544049794186,0.0,4.831818197053644,24.0,0.0,41.043210716460855,Compliance dominates settlement (estimated),baseline,"Compliance drag measures institutional delay beyond ledger confirmation. Effective finality hours use stated compliance, off-ramp, and redemption assumptions. Measurement framework only — studies stablecoin settlement windows, finality, and payment-infrastructure risk under stated assumptions. Does not prove causal effects without identification. Not financial advice, not investment recommendation, not a recommendation to buy, sell, or hold any stablecoin or crypto asset, and not operational guidance for live treasury or payment systems.",Euro Area → Nigeria | USDC,corridor
2024-12-01,Euro Area → Nigeria,Nigeria,USDC,Mobile Wallet Partner,0.7953277752095426,0.751792702146805,23.879692926376094,True,3.7752661551013844,True,Synthetic Demo Data,N/A,Stablecoin Lab generator,,2026-06-01,,monthly,Do not use for research conclusions or investment decisions.,,n/a,stablecoin_lab/src/data/build_dataset.py,stablecoin-lab-credible-1.0,estimated,official,True,MOCK_DEMO_ONLY,5,,Nigeria,30,Demo only,0.0,False,False,USD,USD,UTC,daily,0.1,24.0,12.0,0.0033333333333333335,51.65495908147748,51.65829241481081,0.0,23.879692926376094,24.0,0.0,51.65495908147748,Compliance dominates settlement (estimated),baseline,"Compliance drag measures institutional delay beyond ledger confirmation. Effective finality hours use stated compliance, off-ramp, and redemption assumptions. Measurement framework only — studies stablecoin settlement windows, finality, and payment-infrastructure risk under stated assumptions. Does not prove causal effects without identification. Not financial advice, not investment recommendation, not a recommendation to buy, sell, or hold any stablecoin or crypto asset, and not operational guidance for live treasury or payment systems.",Euro Area → Nigeria | USDC,corridor
2024-12-01,Euro Area → Nigeria,Nigeria,USDT,Demo Exchange,1.0663531227119143,0.6219328758695695,18.015207752801725,True,44.652057981122226,True,Synthetic Demo Data,N/A,Stablecoin Lab generator,,2026-06-01,,monthly,Do not use for research conclusions or investment decisions.,,n/a,stablecoin_lab/src/data/build_dataset.py,stablecoin-lab-credible-1.0,estimated,official,True,MOCK_DEMO_ONLY,5,,Nigeria,30,Demo only,0.0,False,False,USD,USD,UTC,daily,0.1,48.0,12.0,0.0033333333333333335,110.66726573392395,110.67059906725729,0.0,18.015207752801725,48.0,0.0,110.66726573392395,Compliance dominates settlement (estimated),baseline,"Compliance drag measures institutional delay beyond ledger confirmation. Effective finality hours use stated compliance, off-ramp, and redemption assumptions. Measurement framework only — studies stablecoin settlement windows, finality, and payment-infrastructure risk under stated assumptions. Does not prove causal effects without identification. Not financial advice, not investment recommendation, not a recommendation to buy, sell, or hold any stablecoin or crypto asset, and not operational guidance for live treasury or payment systems.",Euro Area → Nigeria | USDT,corridor
2024-12-01,Euro Area → Nigeria,Nigeria,USDT,Local OTC,1.4287612039680009,0.18339843447199944,12.544120913460587,True,33.18826405871072,True,Synthetic Demo Data,N/A,Stablecoin Lab generator,,2026-06-01,,monthly,Do not use for research conclusions or investment decisions.,,n/a,stablecoin_lab/src/data/build_dataset.py,stablecoin-lab-credible-1.0,estimated,official,True,MOCK_DEMO_ONLY,5,,Nigeria,30,Demo only,0.0,False,False,USD,USD,UTC,daily,0.1,48.0,12.0,0.0033333333333333335,93.7323849721713,93.73571830550463,0.0,12.544120913460587,48.0,0.0,93.7323849721713,Compliance dominates settlement (estimated),baseline,"Compliance drag measures institutional delay beyond ledger confirmation. Effective finality hours use stated compliance, off-ramp, and redemption assumptions. Measurement framework only — studies stablecoin settlement windows, finality, and payment-infrastructure risk under stated assumptions. Does not prove causal effects without identification. Not financial advice, not investment recommendation, not a recommendation to buy, sell, or hold any stablecoin or crypto asset, and not operational guidance for live treasury or payment systems.",Euro Area → Nigeria | USDT,corridor
2024-12-01,Euro Area → Nigeria,Nigeria,USDT,Mobile Wallet Partner,1.2573738615626513,0.3336247392117074,6.1854758294910175,True,41.33323803180376,True,Synthetic Demo Data,N/A,Stablecoin Lab generator,,2026-06-01,,monthly,Do not use for research conclusions or investment decisions.,,n/a,stablecoin_lab/src/data/build_dataset.py,stablecoin-lab-credible-1.0,estimated,official,True,MOCK_DEMO_ONLY,5,,Nigeria,30,Demo only,0.0,False,False,USD,USD,UTC,daily,0.1,48.0,12.0,0.0033333333333333335,95.51871386129477,95.5220471946281,0.0,6.1854758294910175,48.0,0.0,95.51871386129477,Compliance dominates settlement (estimated),baseline,"Compliance drag measures institutional delay beyond ledger confirmation. Effective finality hours use stated compliance, off-ramp, and redemption assumptions. Measurement framework only — studies stablecoin settlement windows, finality, and payment-infrastructure risk under stated assumptions. Does not prove causal effects without identification. Not financial advice, not investment recommendation, not a recommendation to buy, sell, or hold any stablecoin or crypto asset, and not operational guidance for live treasury or payment systems.",Euro Area → Nigeria | USDT,corridor
2024-12-01,Euro Area → Nigeria,Nigeria,PYUSD,Demo Exchange,1.0010846021811342,0.131314039054661,15.38179670953536,True,10.73970185413263,True,Synthetic Demo Data,N/A,Stablecoin Lab generator,,2026-06-01,,monthly,Do not use for research conclusions or investment decisions.,,n/a,stablecoin_lab/src/data/build_dataset.py,stablecoin-lab-credible-1.0,estimated,official,True,MOCK_DEMO_ONLY,5,,Nigeria,30,Demo only,0.0,False,False,USD,USD,UTC,daily,0.1,,12.0,0.0033333333333333335,50.12149856366799,50.12483189700132,0.0,15.38179670953536,24.0,0.0,50.12149856366799,Compliance dominates settlement (estimated),baseline,"Compliance drag measures institutional delay beyond ledger confirmation. Effective finality hours use stated compliance, off-ramp, and redemption assumptions. Measurement framework only — studies stablecoin settlement windows, finality, and payment-infrastructure risk under stated assumptions. Does not prove causal effects without identification. Not financial advice, not investment recommendation, not a recommendation to buy, sell, or hold any stablecoin or crypto asset, and not operational guidance for live treasury or payment systems.",Euro Area → Nigeria | PYUSD,corridor
2024-12-01,Euro Area → Nigeria,Nigeria,PYUSD,Local OTC,1.4146699160792082,0.22776404199092087,9.36528236320005,True,47.62311076553883,True,Synthetic Demo Data,N/A,Stablecoin Lab generator,,2026-06-01,,monthly,Do not use for research conclusions or investment decisions.,,n/a,stablecoin_lab/src/data/build_dataset.py,stablecoin-lab-credible-1.0,estimated,official,True,MOCK_DEMO_ONLY,5,,Nigeria,30,Demo only,0.0,False,False,USD,USD,UTC,daily,0.1,,12.0,0.0033333333333333335,80.98839312873889,80.99172646207222,0.0,9.36528236320005,24.0,0.0,80.98839312873889,Compliance dominates settlement (estimated),baseline,"Compliance drag measures institutional delay beyond ledger confirmation. Effective finality hours use stated compliance, off-ramp, and redemption assumptions. Measurement framework only — studies stablecoin settlement windows, finality, and payment-infrastructure risk under stated assumptions. Does not prove causal effects without identification. Not financial advice, not investment recommendation, not a recommendation to buy, sell, or hold any stablecoin or crypto asset, and not operational guidance for live treasury or payment systems.",Euro Area → Nigeria | PYUSD,corridor
2024-12-01,Euro Area → Nigeria,Nigeria,PYUSD,Mobile Wallet Partner,0.583776776046463,0.26649363911349433,15.562634542699984,True,11.83868036850642,True,Synthetic Demo Data,N/A,Stablecoin Lab generator,,2026-06-01,,monthly,Do not use for research conclusions or investment decisions.,,n/a,stablecoin_lab/src/data/build_dataset.py,stablecoin-lab-credible-1.0,estimated,official,True,MOCK_DEMO_ONLY,5,,Nigeria,30,Demo only,0.0,False,False,USD,USD,UTC,daily,0.1,,12.0,0.0033333333333333335,51.401314911206406,51.404648244539736,0.0,15.562634542699984,24.0,0.0,51.401314911206406,Compliance dominates settlement (estimated),baseline,"Compliance drag measures institutional delay beyond ledger confirmation. Effective finality hours use stated compliance, off-ramp, and redemption assumptions. Measurement framework only — studies stablecoin settlement windows, finality, and payment-infrastructure risk under stated assumptions. Does not prove causal effects without identification. Not financial advice, not investment recommendation, not a recommendation to buy, sell, or hold any stablecoin or crypto asset, and not operational guidance for live treasury or payment systems.",Euro Area → Nigeria | PYUSD,corridor
2024-12-01,Gulf → India,India,USDC,Demo Exchange,1.3870355690141867,0.5290177291965081,10.9582529016418,True,45.49327371510789,False,Synthetic Demo Data,N/A,Stablecoin Lab generator,,2026-06-01,,monthly,Do not use for research conclusions or investment decisions.,,n/a,stablecoin_lab/src/data/build_dataset.py,stablecoin-lab-credible-1.0,estimated,official,True,MOCK_DEMO_ONLY,5,,India,30,Demo only,0.0,False,False,USD,USD,UTC,daily,0.1,24.0,12.0,0.0033333333333333335,80.45152661674969,80.45485995008302,0.0,10.9582529016418,24.0,0.0,80.45152661674969,Compliance dominates settlement (estimated),baseline,"Compliance drag measures institutional delay beyond ledger confirmation. Effective finality hours use stated compliance, off-ramp, and redemption assumptions. Measurement framework only — studies stablecoin settlement windows, finality, and payment-infrastructure risk under stated assumptions. Does not prove causal effects without identification. Not financial advice, not investment recommendation, not a recommendation to buy, sell, or hold any stablecoin or crypto asset, and not operational guidance for live treasury or payment systems.",Gulf → India | USDC,corridor
2024-12-01,Gulf → India,India,USDC,Local OTC,0.6579026494933001,0.6766049596297824,4.45291592396719,True,20.580660681118573,False,Synthetic Demo Data,N/A,Stablecoin Lab generator,,2026-06-01,,monthly,Do not use for research conclusions or investment decisions.,,n/a,stablecoin_lab/src/data/build_dataset.py,stablecoin-lab-credible-1.0,estimated,official,True,MOCK_DEMO_ONLY,5,,India,30,Demo only,0.0,False,False,USD,USD,UTC,daily,0.1,24.0,12.0,0.0033333333333333335,49.03357660508576,49.03690993841909,0.0,4.45291592396719,24.0,0.0,49.03357660508576,Compliance dominates settlement (estimated),baseline,"Compliance drag measures institutional delay beyond ledger confirmation. Effective finality hours use stated compliance, off-ramp, and redemption assumptions. Measurement framework only — studies stablecoin settlement windows, finality, and payment-infrastructure risk under stated assumptions. Does not prove causal effects without identification. Not financial advice, not investment recommendation, not a recommendation to buy, sell, or hold any stablecoin or crypto asset, and not operational guidance for live treasury or payment systems.",Gulf → India | USDC,corridor
2024-12-01,Gulf → India,India,USDC,Mobile Wallet Partner,1.3427185145168983,0.27347325888058394,14.661361995394273,True,28.659119050334503,False,Synthetic Demo Data,N/A,Stablecoin Lab generator,,2026-06-01,,monthly,Do not use for research conclusions or investment decisions.,,n/a,stablecoin_lab/src/data/build_dataset.py,stablecoin-lab-credible-1.0,estimated,official,True,MOCK_DEMO_ONLY,5,,India,30,Demo only,0.0,False,False,USD,USD,UTC,daily,0.1,24.0,12.0,0.0033333333333333335,67.32048104572877,67.3238143790621,0.0,14.661361995394273,24.0,0.0,67.32048104572877,Compliance dominates settlement (estimated),baseline,"Compliance drag measures institutional delay beyond ledger confirmation. Effective finality hours use stated compliance, off-ramp, and redemption assumptions. Measurement framework only — studies stablecoin settlement windows, finality, and payment-infrastructure risk under stated assumptions. Does not prove causal effects without identification. Not financial advice, not investment recommendation, not a recommendation to buy, sell, or hold any stablecoin or crypto asset, and not operational guidance for live treasury or payment systems.",Gulf → India | USDC,corridor
2024-12-01,Gulf → India,India,USDT,Demo Exchange,0.555082929397198,0.4085245151061832,10.103116290470382,True,46.20752609120351,False,Synthetic Demo Data,N/A,Stablecoin Lab generator,,2026-06-01,,monthly,Do not use for research conclusions or investment decisions.,,n/a,stablecoin_lab/src/data/build_dataset.py,stablecoin-lab-credible-1.0,estimated,official,True,MOCK_DEMO_ONLY,5,,India,30,Demo only,0.0,False,False,USD,USD,UTC,daily,0.1,48.0,12.0,0.0033333333333333335,104.31064238167389,104.31397571500722,0.0,10.103116290470382,48.0,0.0,104.31064238167389,Compliance dominates settlement (estimated),baseline,"Compliance drag measures institutional delay beyond ledger confirmation. Effective finality hours use stated compliance, off-ramp, and redemption assumptions. Measurement framework only — studies stablecoin settlement windows, finality, and payment-infrastructure risk under stated assumptions. Does not prove causal effects without identification. Not financial advice, not investment recommendation, not a recommendation to buy, sell, or hold any stablecoin or crypto asset, and not operational guidance for live treasury or payment systems.",Gulf → India | USDT,corridor
2024-12-01,Gulf → India,India,USDT,Local OTC,0.6178841766594281,0.6339854380281295,11.202662509088022,True,7.973117832518757,False,Synthetic Demo Data,N/A,Stablecoin Lab generator,,2026-06-01,,monthly,Do not use for research conclusions or investment decisions.,,n/a,stablecoin_lab/src/data/build_dataset.py,stablecoin-lab-credible-1.0,estimated,official,True,MOCK_DEMO_ONLY,5,,India,30,Demo only,0.0,False,False,USD,USD,UTC,daily,0.1,48.0,12.0,0.0033333333333333335,67.17578034160678,67.17911367494011,0.0,11.202662509088022,48.0,0.0,67.17578034160678,Compliance dominates settlement (estimated),baseline,"Compliance drag measures institutional delay beyond ledger confirmation. Effective finality hours use stated compliance, off-ramp, and redemption assumptions. Measurement framework only — studies stablecoin settlement windows, finality, and payment-infrastructure risk under stated assumptions. Does not prove causal effects without identification. Not financial advice, not investment recommendation, not a recommendation to buy, sell, or hold any stablecoin or crypto asset, and not operational guidance for live treasury or payment systems.",Gulf → India | USDT,corridor
2024-12-01,Gulf → India,India,USDT,Mobile Wallet Partner,0.37583075182401326,0.20558886198549806,17.56178211179558,True,24.921056346279144,False,Synthetic Demo Data,N/A,Stablecoin Lab generator,,2026-06-01,,monthly,Do not use for research conclusions or investment decisions.,,n/a,stablecoin_lab/src/data/build_dataset.py,stablecoin-lab-credible-1.0,estimated,official,True,MOCK_DEMO_ONLY,5,,India,30,Demo only,0.0,False,False,USD,USD,UTC,daily,0.1,48.0,12.0,0.0033333333333333335,90.48283845807472,90.48617179140805,0.0,17.56178211179558,48.0,0.0,90.48283845807472,Compliance dominates settlement (estimated),baseline,"Compliance drag measures institutional delay beyond ledger confirmation. Effective finality hours use stated compliance, off-ramp, and redemption assumptions. Measurement framework only — studies stablecoin settlement windows, finality, and payment-infrastructure risk under stated assumptions. Does not prove causal effects without identification. Not financial advice, not investment recommendation, not a recommendation to buy, sell, or hold any stablecoin or crypto asset, and not operational guidance for live treasury or payment systems.",Gulf → India | USDT,corridor
2024-12-01,Gulf → India,India,PYUSD,Demo Exchange,0.3322880491932606,0.28993565851727765,7.785183717052485,True,13.783171482130976,False,Synthetic Demo Data,N/A,Stablecoin Lab generator,,2026-06-01,,monthly,Do not use for research conclusions or investment decisions.,,n/a,stablecoin_lab/src/data/build_dataset.py,stablecoin-lab-credible-1.0,estimated,official,True,MOCK_DEMO_ONLY,5,,India,30,Demo only,0.0,False,False,USD,USD,UTC,daily,0.1,,12.0,0.0033333333333333335,45.56835519918346,45.57168853251679,0.0,7.785183717052485,24.0,0.0,45.56835519918346,Compliance dominates settlement (estimated),baseline,"Compliance drag measures institutional delay beyond ledger confirmation. Effective finality hours use stated compliance, off-ramp, and redemption assumptions. Measurement framework only — studies stablecoin settlement windows, finality, and payment-infrastructure risk under stated assumptions. Does not prove causal effects without identification. Not financial advice, not investment recommendation, not a recommendation to buy, sell, or hold any stablecoin or crypto asset, and not operational guidance for live treasury or payment systems.",Gulf → India | PYUSD,corridor
2024-12-01,Gulf → India,India,PYUSD,Local OTC,1.0924729716221087,0.7272429314494205,1.9385873797257949,True,31.481783044851596,False,Synthetic Demo Data,N/A,Stablecoin Lab generator,,2026-06-01,,monthly,Do not use for research conclusions or investment decisions.,,n/a,stablecoin_lab/src/data/build_dataset.py,stablecoin-lab-credible-1.0,estimated,official,True,MOCK_DEMO_ONLY,5,,India,30,Demo only,0.0,False,False,USD,USD,UTC,daily,0.1,,12.0,0.0033333333333333335,57.42037042457739,57.42370375791072,0.0,1.9385873797257949,24.0,0.0,57.42037042457739,Compliance dominates settlement (estimated),baseline,"Compliance drag measures institutional delay beyond ledger confirmation. Effective finality hours use stated compliance, off-ramp, and redemption assumptions. Measurement framework only — studies stablecoin settlement windows, finality, and payment-infrastructure risk under stated assumptions. Does not prove causal effects without identification. Not financial advice, not investment recommendation, not a recommendation to buy, sell, or hold any stablecoin or crypto asset, and not operational guidance for live treasury or payment systems.",Gulf → India | PYUSD,corridor
2024-12-01,Gulf → India,India,PYUSD,Mobile Wallet Partner,0.9743158221960271,0.6748694671202768,20.42360926491462,True,26.013476682495643,False,Synthetic Demo Data,N/A,Stablecoin Lab generator,,2026-06-01,,monthly,Do not use for research conclusions or investment decisions.,,n/a,stablecoin_lab/src/data/build_dataset.py,stablecoin-lab-credible-1.0,estimated,official,True,MOCK_DEMO_ONLY,5,,India,30,Demo only,0.0,False,False,USD,USD,UTC,daily,0.1,,12.0,0.0033333333333333335,70.43708594741027,70.4404192807436,0.0,20.42360926491462,24.0,0.0,70.43708594741027,Compliance dominates settlement (estimated),baseline,"Compliance drag measures institutional delay beyond ledger confirmation. Effective finality hours use stated compliance, off-ramp, and redemption assumptions. Measurement framework only — studies stablecoin settlement windows, finality, and payment-infrastructure risk under stated assumptions. Does not prove causal effects without identification. Not financial advice, not investment recommendation, not a recommendation to buy, sell, or hold any stablecoin or crypto asset, and not operational guidance for live treasury or payment systems.",Gulf → India | PYUSD,corridor
