date,institution_type,payment_system,currency,average_daily_settlement_value_usd,peak_daily_settlement_value_usd,prefunding_required_usd,collateral_required_usd,settlement_account_balance_usd,intraday_credit_used_usd,liquidity_buffer_usd,cost_of_capital_pct,interest_rate_pct,opportunity_cost_usd,source_name,source_url_or_reference,data_provider,publication_date,extraction_date,vintage_date,update_frequency,license_or_usage_note,raw_file_name,raw_file_hash_sha256,transformation_script,methodology_version,observed_vs_estimated_flag,official_vs_manual_flag,mock_data_flag,source_id,credibility_tier,data_quality_score,data_quality_grade,missing_data_pct,imputation_flag,outlier_flag,unit_of_measure,time_zone,date_granularity,confidence_score,required_liquidity_usd,liquidity_opportunity_cost_usd,intraday_credit_cost_usd,liquidity_burden_ratio,liquidity_cost_per_100,operational_liquidity_burden_score,interpretation,limitations,entity,entity_type,country
2024-06-01,settlement_bank,card network,USD,21991889.86149453,30788645.80609234,2274296.348201483,682288.9044604449,1137148.1741007415,2199188.986149453,454859.26964029664,0.05,0.045,311.5474449591073,Synthetic Demo Data,N/A,Settlement Lab generator,,2026-05-31,,annual,Do not use for research conclusions.,,n/a,settlement_lab/src/data/build_dataset.py,settlement-lab-credible-1.0,estimated,official,True,MOCK_DEMO_ONLY,5,30,Demo only,0.0,False,False,USD,UTC,daily,0.1,4548592.696402966,227429.63482014832,301.2587652259525,0.20683046000367028,1.0341523000183515,88.62432469979814,Moderate liquidity burden,"OLB estimates liquidity opportunity cost from prefunding, collateral, and buffers. Measurement framework only — estimates settlement economics under stated assumptions. Does not prove causal effects without identification. Not financial advice, not investment recommendation, not operational guidance for live payment systems.",card network,payment_system,
2024-06-01,settlement_bank,ACH/batch payment,USD,10265569.333304796,14371797.066626715,1948652.9763787102,584595.892913613,974326.4881893551,1026556.9333304797,389730.59527574206,0.05,0.045,266.9387638874946,Synthetic Demo Data,N/A,Settlement Lab generator,,2026-05-31,,annual,Do not use for research conclusions.,,n/a,settlement_lab/src/data/build_dataset.py,settlement-lab-credible-1.0,estimated,official,True,MOCK_DEMO_ONLY,5,30,Demo only,0.0,False,False,USD,UTC,daily,0.1,3897305.9527574205,194865.29763787103,140.62423744253147,0.37964830066592714,1.8982415033296358,79.11934346337401,High trapped liquidity,"OLB estimates liquidity opportunity cost from prefunding, collateral, and buffers. Measurement framework only — estimates settlement economics under stated assumptions. Does not prove causal effects without identification. Not financial advice, not investment recommendation, not operational guidance for live payment systems.",ACH/batch payment,payment_system,
2024-06-01,settlement_bank,RTGS/wire,USD,15519970.572503446,21727958.801504824,3144982.7574123424,943494.8272237027,1572491.3787061712,1551997.0572503447,628996.5514824685,0.05,0.045,430.8195558099099,Synthetic Demo Data,N/A,Settlement Lab generator,,2026-05-31,,annual,Do not use for research conclusions.,,n/a,settlement_lab/src/data/build_dataset.py,settlement-lab-credible-1.0,estimated,official,True,MOCK_DEMO_ONLY,5,30,Demo only,0.0,False,False,USD,UTC,daily,0.1,6289965.514824685,314498.27574123425,212.60233660963627,0.40528205162763287,2.026410258138165,77.7094871604802,High trapped liquidity,"OLB estimates liquidity opportunity cost from prefunding, collateral, and buffers. Measurement framework only — estimates settlement economics under stated assumptions. Does not prove causal effects without identification. Not financial advice, not investment recommendation, not operational guidance for live payment systems.",RTGS/wire,payment_system,
2024-06-01,settlement_bank,remittance operator,USD,20661542.463691786,28926159.4491685,2843761.790739324,853128.5372217972,1421880.895369662,2066154.2463691786,568752.3581478648,0.05,0.045,389.5564096903184,Synthetic Demo Data,N/A,Settlement Lab generator,,2026-05-31,,annual,Do not use for research conclusions.,,n/a,settlement_lab/src/data/build_dataset.py,settlement-lab-credible-1.0,estimated,official,True,MOCK_DEMO_ONLY,5,30,Demo only,0.0,False,False,USD,UTC,daily,0.1,5687523.581478648,284376.1790739324,283.0348282697505,0.2752710060961444,1.3763550304807222,84.86009466471205,Moderate liquidity burden,"OLB estimates liquidity opportunity cost from prefunding, collateral, and buffers. Measurement framework only — estimates settlement economics under stated assumptions. Does not prove causal effects without identification. Not financial advice, not investment recommendation, not operational guidance for live payment systems.",remittance operator,payment_system,
2024-06-01,settlement_bank,mobile money,USD,15937890.778420936,22313047.08978931,2230796.2156086545,669238.8646825963,1115398.1078043273,1593789.0778420938,446159.2431217309,0.05,0.045,305.5885226861171,Synthetic Demo Data,N/A,Settlement Lab generator,,2026-05-31,,annual,Do not use for research conclusions.,,n/a,settlement_lab/src/data/build_dataset.py,settlement-lab-credible-1.0,estimated,official,True,MOCK_DEMO_ONLY,5,30,Demo only,0.0,False,False,USD,UTC,daily,0.1,4461592.431217309,223079.62156086546,218.32727093727314,0.2799361906318288,1.3996809531591439,84.60350951524941,Moderate liquidity burden,"OLB estimates liquidity opportunity cost from prefunding, collateral, and buffers. Measurement framework only — estimates settlement economics under stated assumptions. Does not prove causal effects without identification. Not financial advice, not investment recommendation, not operational guidance for live payment systems.",mobile money,payment_system,
2024-06-01,settlement_bank,tokenized settlement placeholder,USD,12275859.720578859,17186203.608810402,1398743.6006344422,419623.08019033266,699371.8003172211,1227585.972057886,279748.7201268884,0.05,0.045,191.608712415677,Synthetic Demo Data,N/A,Settlement Lab generator,,2026-05-31,,annual,Do not use for research conclusions.,,n/a,settlement_lab/src/data/build_dataset.py,settlement-lab-credible-1.0,estimated,official,True,MOCK_DEMO_ONLY,5,30,Demo only,0.0,False,False,USD,UTC,daily,0.1,2797487.201268884,139874.3600634442,168.1624619257378,0.22788523695650137,1.139426184782507,87.46631196739243,Moderate liquidity burden,"OLB estimates liquidity opportunity cost from prefunding, collateral, and buffers. Measurement framework only — estimates settlement economics under stated assumptions. Does not prove causal effects without identification. Not financial advice, not investment recommendation, not operational guidance for live payment systems.",tokenized settlement placeholder,payment_system,
2024-06-01,settlement_bank,card network,USD,20237880.333186124,28333032.46646057,3499143.7723305486,1049743.1316991646,1749571.8861652743,2023788.0333186125,699828.7544661098,0.05,0.045,479.3347633329519,Synthetic Demo Data,N/A,Settlement Lab generator,,2026-05-31,,annual,Do not use for research conclusions.,,n/a,settlement_lab/src/data/build_dataset.py,settlement-lab-credible-1.0,estimated,official,True,MOCK_DEMO_ONLY,5,30,Demo only,0.0,False,False,USD,UTC,daily,0.1,6998287.544661097,349914.3772330549,277.23123744090583,0.3458014095075604,1.7290070475378019,80.98092247708418,High trapped liquidity,"OLB estimates liquidity opportunity cost from prefunding, collateral, and buffers. Measurement framework only — estimates settlement economics under stated assumptions. Does not prove causal effects without identification. Not financial advice, not investment recommendation, not operational guidance for live payment systems.",card network,payment_system,
2024-06-01,settlement_bank,ACH/batch payment,USD,56976443.41912137,79767020.78676991,7359169.023422389,2207750.707026717,3679584.5117111946,5697644.341912137,1471833.8046844779,0.05,0.045,1008.1053456742999,Synthetic Demo Data,N/A,Settlement Lab generator,,2026-05-31,,annual,Do not use for research conclusions.,,n/a,settlement_lab/src/data/build_dataset.py,settlement-lab-credible-1.0,estimated,official,True,MOCK_DEMO_ONLY,5,30,Demo only,0.0,False,False,USD,UTC,daily,0.1,14718338.04684478,735916.902342239,780.499224919471,0.25832321506233724,1.2916160753116863,85.79222317157145,Moderate liquidity burden,"OLB estimates liquidity opportunity cost from prefunding, collateral, and buffers. Measurement framework only — estimates settlement economics under stated assumptions. Does not prove causal effects without identification. Not financial advice, not investment recommendation, not operational guidance for live payment systems.",ACH/batch payment,payment_system,
2024-06-01,settlement_bank,RTGS/wire,USD,41461109.39329342,58045553.15061078,3015117.880530846,904535.3641592538,1507558.940265423,4146110.939329342,603023.5761061691,0.05,0.045,413.02984664806104,Synthetic Demo Data,N/A,Settlement Lab generator,,2026-05-31,,annual,Do not use for research conclusions.,,n/a,settlement_lab/src/data/build_dataset.py,settlement-lab-credible-1.0,estimated,official,True,MOCK_DEMO_ONLY,5,30,Demo only,0.0,False,False,USD,UTC,daily,0.1,6030235.761061692,301511.7880530846,567.9604026478551,0.14544318396933967,0.7272159198466983,92.00062488168632,Efficient liquidity (estimated),"OLB estimates liquidity opportunity cost from prefunding, collateral, and buffers. Measurement framework only — estimates settlement economics under stated assumptions. Does not prove causal effects without identification. Not financial advice, not investment recommendation, not operational guidance for live payment systems.",RTGS/wire,payment_system,
2024-06-01,settlement_bank,remittance operator,USD,25176340.456086867,35246876.63852161,5807041.854139012,1742112.5562417037,2903520.927069506,2517634.0456086867,1161408.3708278025,0.05,0.045,795.4851854984948,Synthetic Demo Data,N/A,Settlement Lab generator,,2026-05-31,,annual,Do not use for research conclusions.,,n/a,settlement_lab/src/data/build_dataset.py,settlement-lab-credible-1.0,estimated,official,True,MOCK_DEMO_ONLY,5,30,Demo only,0.0,False,False,USD,UTC,daily,0.1,11614083.708278023,580704.1854139011,344.881376110779,0.46130944759567283,2.3065472379783643,74.627980382238,High trapped liquidity,"OLB estimates liquidity opportunity cost from prefunding, collateral, and buffers. Measurement framework only — estimates settlement economics under stated assumptions. Does not prove causal effects without identification. Not financial advice, not investment recommendation, not operational guidance for live payment systems.",remittance operator,payment_system,
2024-06-01,settlement_bank,mobile money,USD,54490936.83553649,76287311.56975108,7025759.083111733,2107727.72493352,3512879.5415558666,5449093.683553649,1405151.8166223466,0.05,0.045,962.4327511111964,Synthetic Demo Data,N/A,Settlement Lab generator,,2026-05-31,,annual,Do not use for research conclusions.,,n/a,settlement_lab/src/data/build_dataset.py,settlement-lab-credible-1.0,estimated,official,True,MOCK_DEMO_ONLY,5,30,Demo only,0.0,False,False,USD,UTC,daily,0.1,14051518.166223466,702575.9083111733,746.4511895278971,0.25786890411947755,1.289344520597388,85.81721027342874,Moderate liquidity burden,"OLB estimates liquidity opportunity cost from prefunding, collateral, and buffers. Measurement framework only — estimates settlement economics under stated assumptions. Does not prove causal effects without identification. Not financial advice, not investment recommendation, not operational guidance for live payment systems.",mobile money,payment_system,
2024-06-01,settlement_bank,tokenized settlement placeholder,USD,26244895.463683695,36742853.64915717,4247649.039542097,1274294.711862629,2123824.5197710483,2624489.54636837,849529.8079084194,0.05,0.045,581.8697314441229,Synthetic Demo Data,N/A,Settlement Lab generator,,2026-05-31,,annual,Do not use for research conclusions.,,n/a,settlement_lab/src/data/build_dataset.py,settlement-lab-credible-1.0,estimated,official,True,MOCK_DEMO_ONLY,5,30,Demo only,0.0,False,False,USD,UTC,daily,0.1,8495298.079084193,424764.9039542097,359.5191159408726,0.323693347944157,1.618466739720785,82.19686586307137,High trapped liquidity,"OLB estimates liquidity opportunity cost from prefunding, collateral, and buffers. Measurement framework only — estimates settlement economics under stated assumptions. Does not prove causal effects without identification. Not financial advice, not investment recommendation, not operational guidance for live payment systems.",tokenized settlement placeholder,payment_system,
2024-06-01,settlement_bank,card network,USD,22301111.825654663,31221556.555916525,5344783.403613633,1603435.0210840898,2672391.7018068163,2230111.1825654665,1068956.6807227265,0.05,0.045,732.1621100840592,Synthetic Demo Data,N/A,Settlement Lab generator,,2026-05-31,,annual,Do not use for research conclusions.,,n/a,settlement_lab/src/data/build_dataset.py,settlement-lab-credible-1.0,estimated,official,True,MOCK_DEMO_ONLY,5,30,Demo only,0.0,False,False,USD,UTC,daily,0.1,10689566.807227265,534478.3403613633,305.4946825432146,0.4793288734120531,2.3966443670602655,73.63691196233708,High trapped liquidity,"OLB estimates liquidity opportunity cost from prefunding, collateral, and buffers. Measurement framework only — estimates settlement economics under stated assumptions. Does not prove causal effects without identification. Not financial advice, not investment recommendation, not operational guidance for live payment systems.",card network,payment_system,
2024-06-01,settlement_bank,ACH/batch payment,USD,14920372.290756688,20888521.20705936,1779048.6506907295,533714.5952072188,889524.3253453647,1492037.2290756688,355809.7301381459,0.05,0.045,243.70529461516844,Synthetic Demo Data,N/A,Settlement Lab generator,,2026-05-31,,annual,Do not use for research conclusions.,,n/a,settlement_lab/src/data/build_dataset.py,settlement-lab-credible-1.0,estimated,official,True,MOCK_DEMO_ONLY,5,30,Demo only,0.0,False,False,USD,UTC,daily,0.1,3558097.301381459,177904.86506907296,204.38866151721493,0.2384724209318647,1.1923621046593236,86.88401684874744,Moderate liquidity burden,"OLB estimates liquidity opportunity cost from prefunding, collateral, and buffers. Measurement framework only — estimates settlement economics under stated assumptions. Does not prove causal effects without identification. Not financial advice, not investment recommendation, not operational guidance for live payment systems.",ACH/batch payment,payment_system,
2024-06-01,settlement_bank,RTGS/wire,USD,14700544.085097637,20580761.71913669,1099889.6008466068,329966.88025398203,549944.8004233034,1470054.408509764,219977.92016932135,0.05,0.045,150.6698083351516,Synthetic Demo Data,N/A,Settlement Lab generator,,2026-05-31,,annual,Do not use for research conclusions.,,n/a,settlement_lab/src/data/build_dataset.py,settlement-lab-credible-1.0,estimated,official,True,MOCK_DEMO_ONLY,5,30,Demo only,0.0,False,False,USD,UTC,daily,0.1,2199779.2016932135,109988.96008466068,201.37731623421422,0.1496393051141007,0.7481965255705034,91.76983821872446,Efficient liquidity (estimated),"OLB estimates liquidity opportunity cost from prefunding, collateral, and buffers. Measurement framework only — estimates settlement economics under stated assumptions. Does not prove causal effects without identification. Not financial advice, not investment recommendation, not operational guidance for live payment systems.",RTGS/wire,payment_system,
2024-06-01,settlement_bank,remittance operator,USD,31448284.901644383,44027598.86230213,6293938.763933506,1888181.6291800516,3146969.381966753,3144828.4901644383,1258787.7527867013,0.05,0.045,862.1833923196584,Synthetic Demo Data,N/A,Settlement Lab generator,,2026-05-31,,annual,Do not use for research conclusions.,,n/a,settlement_lab/src/data/build_dataset.py,settlement-lab-credible-1.0,estimated,official,True,MOCK_DEMO_ONLY,5,30,Demo only,0.0,False,False,USD,UTC,daily,0.1,12587877.527867012,629393.8763933507,430.798423310197,0.40027230633517985,2.0013615316758995,77.9850231515651,High trapped liquidity,"OLB estimates liquidity opportunity cost from prefunding, collateral, and buffers. Measurement framework only — estimates settlement economics under stated assumptions. Does not prove causal effects without identification. Not financial advice, not investment recommendation, not operational guidance for live payment systems.",remittance operator,payment_system,
2024-06-01,settlement_bank,mobile money,USD,19940800.92838217,27917121.299735036,4378819.248272269,1313645.7744816807,2189409.6241361345,1994080.092838217,875763.8496544538,0.05,0.045,599.8382531879821,Synthetic Demo Data,N/A,Settlement Lab generator,,2026-05-31,,annual,Do not use for research conclusions.,,n/a,settlement_lab/src/data/build_dataset.py,settlement-lab-credible-1.0,estimated,official,True,MOCK_DEMO_ONLY,5,30,Demo only,0.0,False,False,USD,UTC,daily,0.1,8757638.49654454,437881.924827227,273.1616565531804,0.43918188281392473,2.195909414069624,75.84499644523413,High trapped liquidity,"OLB estimates liquidity opportunity cost from prefunding, collateral, and buffers. Measurement framework only — estimates settlement economics under stated assumptions. Does not prove causal effects without identification. Not financial advice, not investment recommendation, not operational guidance for live payment systems.",mobile money,payment_system,
2024-06-01,settlement_bank,tokenized settlement placeholder,USD,18245865.14677582,25544211.205486145,3851108.9087144043,1155332.6726143213,1925554.4543572022,1824586.514677582,770221.7817428809,0.05,0.045,527.5491655773158,Synthetic Demo Data,N/A,Settlement Lab generator,,2026-05-31,,annual,Do not use for research conclusions.,,n/a,settlement_lab/src/data/build_dataset.py,settlement-lab-credible-1.0,estimated,official,True,MOCK_DEMO_ONLY,5,30,Demo only,0.0,False,False,USD,UTC,daily,0.1,7702217.817428809,385110.89087144047,249.94335817501127,0.4221349744432287,2.110674872216144,76.78257640562242,High trapped liquidity,"OLB estimates liquidity opportunity cost from prefunding, collateral, and buffers. Measurement framework only — estimates settlement economics under stated assumptions. Does not prove causal effects without identification. Not financial advice, not investment recommendation, not operational guidance for live payment systems.",tokenized settlement placeholder,payment_system,
2024-06-01,settlement_bank,card network,USD,11784174.28327574,16497843.996586036,2919724.1941266954,875917.2582380086,1459862.0970633477,1178417.4283275742,583944.8388253391,0.05,0.045,399.96221837351993,Synthetic Demo Data,N/A,Settlement Lab generator,,2026-05-31,,annual,Do not use for research conclusions.,,n/a,settlement_lab/src/data/build_dataset.py,settlement-lab-credible-1.0,estimated,official,True,MOCK_DEMO_ONLY,5,30,Demo only,0.0,False,False,USD,UTC,daily,0.1,5839448.388253391,291972.41941266955,161.42704497638002,0.49553309785487604,2.47766548927438,72.74567961798182,High trapped liquidity,"OLB estimates liquidity opportunity cost from prefunding, collateral, and buffers. Measurement framework only — estimates settlement economics under stated assumptions. Does not prove causal effects without identification. Not financial advice, not investment recommendation, not operational guidance for live payment systems.",card network,payment_system,
2024-06-01,settlement_bank,ACH/batch payment,USD,43112552.002828136,60357572.803959385,4768090.102210333,1430427.0306630998,2384045.0511051663,4311255.200282814,953618.0204420666,0.05,0.045,653.1630277000456,Synthetic Demo Data,N/A,Settlement Lab generator,,2026-05-31,,annual,Do not use for research conclusions.,,n/a,settlement_lab/src/data/build_dataset.py,settlement-lab-credible-1.0,estimated,official,True,MOCK_DEMO_ONLY,5,30,Demo only,0.0,False,False,USD,UTC,daily,0.1,9536180.204420665,476809.0102210333,590.5829041483307,0.2211926634218986,1.1059633171094934,87.83440351179557,Moderate liquidity burden,"OLB estimates liquidity opportunity cost from prefunding, collateral, and buffers. Measurement framework only — estimates settlement economics under stated assumptions. Does not prove causal effects without identification. Not financial advice, not investment recommendation, not operational guidance for live payment systems.",ACH/batch payment,payment_system,
2024-06-01,settlement_bank,RTGS/wire,USD,14401308.818112804,20161832.345357925,2230273.08192337,669081.9245770109,1115136.540961685,1440130.8818112805,446054.616384674,0.05,0.045,305.51686053744794,Synthetic Demo Data,N/A,Settlement Lab generator,,2026-05-31,,annual,Do not use for research conclusions.,,n/a,settlement_lab/src/data/build_dataset.py,settlement-lab-credible-1.0,estimated,official,True,MOCK_DEMO_ONLY,5,30,Demo only,0.0,False,False,USD,UTC,daily,0.1,4460546.16384674,223027.308192337,197.27820298784664,0.30973199868032997,1.54865999340165,82.96474007258185,High trapped liquidity,"OLB estimates liquidity opportunity cost from prefunding, collateral, and buffers. Measurement framework only — estimates settlement economics under stated assumptions. Does not prove causal effects without identification. Not financial advice, not investment recommendation, not operational guidance for live payment systems.",RTGS/wire,payment_system,
2024-06-01,settlement_bank,remittance operator,USD,40201674.936319396,56282344.91084715,6337791.0957459975,1901337.3287237992,3168895.5478729988,4020167.49363194,1267558.2191491995,0.05,0.045,868.1905610610955,Synthetic Demo Data,N/A,Settlement Lab generator,,2026-05-31,,annual,Do not use for research conclusions.,,n/a,settlement_lab/src/data/build_dataset.py,settlement-lab-credible-1.0,estimated,official,True,MOCK_DEMO_ONLY,5,30,Demo only,0.0,False,False,USD,UTC,daily,0.1,12675582.191491997,633779.1095745999,550.7078758399917,0.3152998528437057,1.5764992642185287,82.65850809359618,High trapped liquidity,"OLB estimates liquidity opportunity cost from prefunding, collateral, and buffers. Measurement framework only — estimates settlement economics under stated assumptions. Does not prove causal effects without identification. Not financial advice, not investment recommendation, not operational guidance for live payment systems.",remittance operator,payment_system,
2024-06-01,settlement_bank,mobile money,USD,43463198.967246674,60848478.554145336,9722120.35605043,2916636.106815129,4861060.178025215,4346319.896724667,1944424.071210086,0.05,0.045,1331.797309048004,Synthetic Demo Data,N/A,Settlement Lab generator,,2026-05-31,,annual,Do not use for research conclusions.,,n/a,settlement_lab/src/data/build_dataset.py,settlement-lab-credible-1.0,estimated,official,True,MOCK_DEMO_ONLY,5,30,Demo only,0.0,False,False,USD,UTC,daily,0.1,19444240.71210086,972212.035605043,595.3862872225573,0.4473725168447403,2.2368625842237018,75.39451157353929,High trapped liquidity,"OLB estimates liquidity opportunity cost from prefunding, collateral, and buffers. Measurement framework only — estimates settlement economics under stated assumptions. Does not prove causal effects without identification. Not financial advice, not investment recommendation, not operational guidance for live payment systems.",mobile money,payment_system,
2024-06-01,settlement_bank,tokenized settlement placeholder,USD,29068874.28192413,40696423.99469378,3759950.648782831,1127985.1946348492,1879975.3243914156,2906887.428192413,751990.1297565663,0.05,0.045,515.0617327099769,Synthetic Demo Data,N/A,Settlement Lab generator,,2026-05-31,,annual,Do not use for research conclusions.,,n/a,settlement_lab/src/data/build_dataset.py,settlement-lab-credible-1.0,estimated,official,True,MOCK_DEMO_ONLY,5,30,Demo only,0.0,False,False,USD,UTC,daily,0.1,7519901.297565661,375995.06487828307,398.2037572866319,0.2586925528878067,1.2934627644390335,85.77190959117064,Moderate liquidity burden,"OLB estimates liquidity opportunity cost from prefunding, collateral, and buffers. Measurement framework only — estimates settlement economics under stated assumptions. Does not prove causal effects without identification. Not financial advice, not investment recommendation, not operational guidance for live payment systems.",tokenized settlement placeholder,payment_system,
2024-06-01,settlement_bank,card network,USD,12019343.15753975,16827080.420555647,2561855.3101070425,768556.5930321127,1280927.6550535213,1201934.315753975,512371.0620214085,0.05,0.045,350.9390835763072,Synthetic Demo Data,N/A,Settlement Lab generator,,2026-05-31,,annual,Do not use for research conclusions.,,n/a,settlement_lab/src/data/build_dataset.py,settlement-lab-credible-1.0,estimated,official,True,MOCK_DEMO_ONLY,5,30,Demo only,0.0,False,False,USD,UTC,daily,0.1,5123710.620214085,256185.53101070426,164.6485364046541,0.42628873750059915,2.1314436875029963,76.55411943746705,High trapped liquidity,"OLB estimates liquidity opportunity cost from prefunding, collateral, and buffers. Measurement framework only — estimates settlement economics under stated assumptions. Does not prove causal effects without identification. Not financial advice, not investment recommendation, not operational guidance for live payment systems.",card network,payment_system,
2024-06-01,settlement_bank,ACH/batch payment,USD,24170717.09193648,33839003.92871107,2796304.218172651,838891.2654517952,1398152.1090863254,2417071.7091936483,559260.8436345302,0.05,0.045,383.055372352418,Synthetic Demo Data,N/A,Settlement Lab generator,,2026-05-31,,annual,Do not use for research conclusions.,,n/a,settlement_lab/src/data/build_dataset.py,settlement-lab-credible-1.0,estimated,official,True,MOCK_DEMO_ONLY,5,30,Demo only,0.0,False,False,USD,UTC,daily,0.1,5592608.436345302,279630.4218172651,331.105713588171,0.23137950004019678,1.1568975002009838,87.27412749778918,Moderate liquidity burden,"OLB estimates liquidity opportunity cost from prefunding, collateral, and buffers. Measurement framework only — estimates settlement economics under stated assumptions. Does not prove causal effects without identification. Not financial advice, not investment recommendation, not operational guidance for live payment systems.",ACH/batch payment,payment_system,
2024-06-01,settlement_bank,RTGS/wire,USD,20170909.805040453,28239273.727056634,4409701.464295908,1322910.4392887724,2204850.732147954,2017090.9805040453,881940.2928591816,0.05,0.045,604.0686937391655,Synthetic Demo Data,N/A,Settlement Lab generator,,2026-05-31,,annual,Do not use for research conclusions.,,n/a,settlement_lab/src/data/build_dataset.py,settlement-lab-credible-1.0,estimated,official,True,MOCK_DEMO_ONLY,5,30,Demo only,0.0,False,False,USD,UTC,daily,0.1,8819402.928591816,440970.1464295908,276.31383294575966,0.4372337695143508,2.1861688475717544,75.95214267671071,High trapped liquidity,"OLB estimates liquidity opportunity cost from prefunding, collateral, and buffers. Measurement framework only — estimates settlement economics under stated assumptions. Does not prove causal effects without identification. Not financial advice, not investment recommendation, not operational guidance for live payment systems.",RTGS/wire,payment_system,
2024-06-01,settlement_bank,remittance operator,USD,34971482.8449375,48960075.9829125,8585684.397025727,2575705.319107718,4292842.198512863,3497148.2844937504,1717136.8794051455,0.05,0.045,1176.121150277497,Synthetic Demo Data,N/A,Settlement Lab generator,,2026-05-31,,annual,Do not use for research conclusions.,,n/a,settlement_lab/src/data/build_dataset.py,settlement-lab-credible-1.0,estimated,official,True,MOCK_DEMO_ONLY,5,30,Demo only,0.0,False,False,USD,UTC,daily,0.1,17171368.794051453,858568.4397025728,479.06140883476036,0.49101060055671025,2.4550530027835515,72.99441696938094,High trapped liquidity,"OLB estimates liquidity opportunity cost from prefunding, collateral, and buffers. Measurement framework only — estimates settlement economics under stated assumptions. Does not prove causal effects without identification. Not financial advice, not investment recommendation, not operational guidance for live payment systems.",remittance operator,payment_system,
2024-06-01,settlement_bank,mobile money,USD,32160582.242002178,45024815.13880305,3090282.9532335307,927084.8859700592,1545141.4766167654,3216058.224200218,618056.5906467062,0.05,0.045,423.32643194979875,Synthetic Demo Data,N/A,Settlement Lab generator,,2026-05-31,,annual,Do not use for research conclusions.,,n/a,settlement_lab/src/data/build_dataset.py,settlement-lab-credible-1.0,estimated,official,True,MOCK_DEMO_ONLY,5,30,Demo only,0.0,False,False,USD,UTC,daily,0.1,6180565.9064670615,309028.2953233531,440.55592112331755,0.1921782963989736,0.960891481994868,89.43019369805646,Moderate liquidity burden,"OLB estimates liquidity opportunity cost from prefunding, collateral, and buffers. Measurement framework only — estimates settlement economics under stated assumptions. Does not prove causal effects without identification. Not financial advice, not investment recommendation, not operational guidance for live payment systems.",mobile money,payment_system,
2024-06-01,settlement_bank,tokenized settlement placeholder,USD,17496760.502661653,24495464.703726314,2622022.125130389,786606.6375391167,1311011.0625651944,1749676.0502661653,524404.4250260778,0.05,0.045,359.18111303156013,Synthetic Demo Data,N/A,Settlement Lab generator,,2026-05-31,,annual,Do not use for research conclusions.,,n/a,settlement_lab/src/data/build_dataset.py,settlement-lab-credible-1.0,estimated,official,True,MOCK_DEMO_ONLY,5,30,Demo only,0.0,False,False,USD,UTC,daily,0.1,5244044.250260778,262202.2125130389,239.68165072139251,0.2997151529543449,1.4985757647717246,83.51566658751102,Moderate liquidity burden,"OLB estimates liquidity opportunity cost from prefunding, collateral, and buffers. Measurement framework only — estimates settlement economics under stated assumptions. Does not prove causal effects without identification. Not financial advice, not investment recommendation, not operational guidance for live payment systems.",tokenized settlement placeholder,payment_system,
2024-06-01,settlement_bank,card network,USD,26544279.620175034,37161991.468245044,1496890.7741535695,449067.2322460708,748445.3870767847,2654427.9620175036,299378.15483071393,0.05,0.045,205.05353070596846,Synthetic Demo Data,N/A,Settlement Lab generator,,2026-05-31,,annual,Do not use for research conclusions.,,n/a,settlement_lab/src/data/build_dataset.py,settlement-lab-credible-1.0,estimated,official,True,MOCK_DEMO_ONLY,5,30,Demo only,0.0,False,False,USD,UTC,daily,0.1,2993781.548307139,149689.07741535697,363.62026876952103,0.11278443382700463,0.5639221691350232,93.79685613951474,Efficient liquidity (estimated),"OLB estimates liquidity opportunity cost from prefunding, collateral, and buffers. Measurement framework only — estimates settlement economics under stated assumptions. Does not prove causal effects without identification. Not financial advice, not investment recommendation, not operational guidance for live payment systems.",card network,payment_system,
2024-06-01,settlement_bank,ACH/batch payment,USD,49936124.6645065,69910574.5303091,6646867.172583908,1994060.1517751722,3323433.586291954,4993612.46645065,1329373.4345167817,0.05,0.045,910.5297496690285,Synthetic Demo Data,N/A,Settlement Lab generator,,2026-05-31,,annual,Do not use for research conclusions.,,n/a,settlement_lab/src/data/build_dataset.py,settlement-lab-credible-1.0,estimated,official,True,MOCK_DEMO_ONLY,5,30,Demo only,0.0,False,False,USD,UTC,daily,0.1,13293734.345167816,664686.7172583909,684.0565022535137,0.2662147780686055,1.3310738903430275,85.3581872062267,Moderate liquidity burden,"OLB estimates liquidity opportunity cost from prefunding, collateral, and buffers. Measurement framework only — estimates settlement economics under stated assumptions. Does not prove causal effects without identification. Not financial advice, not investment recommendation, not operational guidance for live payment systems.",ACH/batch payment,payment_system,
2024-06-01,settlement_bank,RTGS/wire,USD,37928318.56213215,53099645.986985005,8844109.84569388,2653232.953708164,4422054.92284694,3792831.8562132153,1768821.9691387762,0.05,0.045,1211.5218966703947,Synthetic Demo Data,N/A,Settlement Lab generator,,2026-05-31,,annual,Do not use for research conclusions.,,n/a,settlement_lab/src/data/build_dataset.py,settlement-lab-credible-1.0,estimated,official,True,MOCK_DEMO_ONLY,5,30,Demo only,0.0,False,False,USD,UTC,daily,0.1,17688219.69138776,884410.9845693881,519.5660077004405,0.4663591839013866,2.331795919506933,74.35024488542373,High trapped liquidity,"OLB estimates liquidity opportunity cost from prefunding, collateral, and buffers. Measurement framework only — estimates settlement economics under stated assumptions. Does not prove causal effects without identification. Not financial advice, not investment recommendation, not operational guidance for live payment systems.",RTGS/wire,payment_system,
2024-06-01,settlement_bank,remittance operator,USD,16170607.047356602,22638849.86629924,3994813.898965768,1198444.1696897303,1997406.949482884,1617060.7047356602,798962.7797931536,0.05,0.045,547.2347806802422,Synthetic Demo Data,N/A,Settlement Lab generator,,2026-05-31,,annual,Do not use for research conclusions.,,n/a,settlement_lab/src/data/build_dataset.py,settlement-lab-credible-1.0,estimated,official,True,MOCK_DEMO_ONLY,5,30,Demo only,0.0,False,False,USD,UTC,daily,0.1,7989627.797931536,399481.3898965768,221.51516503228225,0.49408335596390585,2.4704167798195296,72.82541542198518,High trapped liquidity,"OLB estimates liquidity opportunity cost from prefunding, collateral, and buffers. Measurement framework only — estimates settlement economics under stated assumptions. Does not prove causal effects without identification. Not financial advice, not investment recommendation, not operational guidance for live payment systems.",remittance operator,payment_system,
2024-06-01,settlement_bank,mobile money,USD,19359952.0102521,27103932.814352937,2000386.9819506446,600116.0945851933,1000193.4909753223,1935995.20102521,400077.39639012894,0.05,0.045,274.0256139658417,Synthetic Demo Data,N/A,Settlement Lab generator,,2026-05-31,,annual,Do not use for research conclusions.,,n/a,settlement_lab/src/data/build_dataset.py,settlement-lab-credible-1.0,estimated,official,True,MOCK_DEMO_ONLY,5,30,Demo only,0.0,False,False,USD,UTC,daily,0.1,4000773.963901289,200038.69819506444,265.204822058248,0.20665205997322056,1.033260299866103,88.63413670147287,Moderate liquidity burden,"OLB estimates liquidity opportunity cost from prefunding, collateral, and buffers. Measurement framework only — estimates settlement economics under stated assumptions. Does not prove causal effects without identification. Not financial advice, not investment recommendation, not operational guidance for live payment systems.",mobile money,payment_system,
2024-06-01,settlement_bank,tokenized settlement placeholder,USD,41342977.7590123,57880168.86261721,4453328.403757221,1335998.5211271662,2226664.2018786105,4134297.77590123,890665.6807514443,0.05,0.045,610.0449868160578,Synthetic Demo Data,N/A,Settlement Lab generator,,2026-05-31,,annual,Do not use for research conclusions.,,n/a,settlement_lab/src/data/build_dataset.py,settlement-lab-credible-1.0,estimated,official,True,MOCK_DEMO_ONLY,5,30,Demo only,0.0,False,False,USD,UTC,daily,0.1,8906656.807514442,445332.84037572215,566.3421610823602,0.2154333647525641,1.0771668237628207,88.15116493860897,Moderate liquidity burden,"OLB estimates liquidity opportunity cost from prefunding, collateral, and buffers. Measurement framework only — estimates settlement economics under stated assumptions. Does not prove causal effects without identification. Not financial advice, not investment recommendation, not operational guidance for live payment systems.",tokenized settlement placeholder,payment_system,
2024-06-01,settlement_bank,card network,USD,60538021.04104905,84753229.45746866,7228759.96442294,2168627.989326882,3614379.98221147,6053802.104104905,1445751.9928845882,0.05,0.045,990.2410910168412,Synthetic Demo Data,N/A,Settlement Lab generator,,2026-05-31,,annual,Do not use for research conclusions.,,n/a,settlement_lab/src/data/build_dataset.py,settlement-lab-credible-1.0,estimated,official,True,MOCK_DEMO_ONLY,5,30,Demo only,0.0,False,False,USD,UTC,daily,0.1,14457519.92884588,722875.9964422941,829.2879594664254,0.2388171876157409,1.1940859380787046,86.86505468113425,Moderate liquidity burden,"OLB estimates liquidity opportunity cost from prefunding, collateral, and buffers. Measurement framework only — estimates settlement economics under stated assumptions. Does not prove causal effects without identification. Not financial advice, not investment recommendation, not operational guidance for live payment systems.",card network,payment_system,
2024-06-01,settlement_bank,ACH/batch payment,USD,16529220.571505342,23140908.800107475,1142199.7239885717,342659.9171965715,571099.8619942858,1652922.0571505344,228439.94479771436,0.05,0.045,156.46571561487283,Synthetic Demo Data,N/A,Settlement Lab generator,,2026-05-31,,annual,Do not use for research conclusions.,,n/a,settlement_lab/src/data/build_dataset.py,settlement-lab-credible-1.0,estimated,official,True,MOCK_DEMO_ONLY,5,30,Demo only,0.0,False,False,USD,UTC,daily,0.1,2284399.4479771433,114219.97239885718,226.42767906171707,0.1382037004161715,0.6910185020808576,92.39879647711057,Efficient liquidity (estimated),"OLB estimates liquidity opportunity cost from prefunding, collateral, and buffers. Measurement framework only — estimates settlement economics under stated assumptions. Does not prove causal effects without identification. Not financial advice, not investment recommendation, not operational guidance for live payment systems.",ACH/batch payment,payment_system,
2024-06-01,settlement_bank,RTGS/wire,USD,17108887.79223022,23952442.909122303,3551818.909076253,1065545.6727228758,1775909.4545381265,1710888.779223022,710363.7818152506,0.05,0.045,486.5505354898977,Synthetic Demo Data,N/A,Settlement Lab generator,,2026-05-31,,annual,Do not use for research conclusions.,,n/a,settlement_lab/src/data/build_dataset.py,settlement-lab-credible-1.0,estimated,official,True,MOCK_DEMO_ONLY,5,30,Demo only,0.0,False,False,USD,UTC,daily,0.1,7103637.818152506,355181.8909076253,234.36832592096195,0.4152016135951591,2.0760080679757955,77.16391125226625,High trapped liquidity,"OLB estimates liquidity opportunity cost from prefunding, collateral, and buffers. Measurement framework only — estimates settlement economics under stated assumptions. Does not prove causal effects without identification. Not financial advice, not investment recommendation, not operational guidance for live payment systems.",RTGS/wire,payment_system,
2024-06-01,settlement_bank,remittance operator,USD,14691667.673908103,20568334.743471343,2064351.1718917326,619305.3515675197,1032175.5859458663,1469166.7673908104,412870.23437834653,0.05,0.045,282.7878317659908,Synthetic Demo Data,N/A,Settlement Lab generator,,2026-05-31,,annual,Do not use for research conclusions.,,n/a,settlement_lab/src/data/build_dataset.py,settlement-lab-credible-1.0,estimated,official,True,MOCK_DEMO_ONLY,5,30,Demo only,0.0,False,False,USD,UTC,daily,0.1,4128702.3437834657,206435.1171891733,201.25572156038498,0.28102339607884674,1.4051169803942336,84.54371321566343,Moderate liquidity burden,"OLB estimates liquidity opportunity cost from prefunding, collateral, and buffers. Measurement framework only — estimates settlement economics under stated assumptions. Does not prove causal effects without identification. Not financial advice, not investment recommendation, not operational guidance for live payment systems.",remittance operator,payment_system,
2024-06-01,settlement_bank,mobile money,USD,34168229.17741793,47835520.848385096,8209758.820350562,2462927.6461051684,4104879.410175281,3416822.9177417927,1641951.7640701125,0.05,0.045,1124.6244959384333,Synthetic Demo Data,N/A,Settlement Lab generator,,2026-05-31,,annual,Do not use for research conclusions.,,n/a,settlement_lab/src/data/build_dataset.py,settlement-lab-credible-1.0,estimated,official,True,MOCK_DEMO_ONLY,5,30,Demo only,0.0,False,False,USD,UTC,daily,0.1,16419517.640701124,820975.8820350562,468.05793393723195,0.48054927153066873,2.402746357653344,73.56979006581322,High trapped liquidity,"OLB estimates liquidity opportunity cost from prefunding, collateral, and buffers. Measurement framework only — estimates settlement economics under stated assumptions. Does not prove causal effects without identification. Not financial advice, not investment recommendation, not operational guidance for live payment systems.",mobile money,payment_system,
2024-06-01,settlement_bank,tokenized settlement placeholder,USD,25382157.171118718,35535020.039566204,3655843.7144440995,1096753.1143332298,1827921.8572220497,2538215.717111872,731168.7428888199,0.05,0.045,500.8005088279588,Synthetic Demo Data,N/A,Settlement Lab generator,,2026-05-31,,annual,Do not use for research conclusions.,,n/a,settlement_lab/src/data/build_dataset.py,settlement-lab-credible-1.0,estimated,official,True,MOCK_DEMO_ONLY,5,30,Demo only,0.0,False,False,USD,UTC,daily,0.1,7311687.428888198,365584.37144440995,347.7007831660099,0.2880640671947244,1.440320335973622,84.15647630429015,Moderate liquidity burden,"OLB estimates liquidity opportunity cost from prefunding, collateral, and buffers. Measurement framework only — estimates settlement economics under stated assumptions. Does not prove causal effects without identification. Not financial advice, not investment recommendation, not operational guidance for live payment systems.",tokenized settlement placeholder,payment_system,
2024-06-01,settlement_bank,card network,USD,9466466.87635844,13253053.626901815,809244.174168361,242773.2522505083,404622.0870841805,946646.6876358441,161848.8348336722,0.05,0.045,110.85536632443302,Synthetic Demo Data,N/A,Settlement Lab generator,,2026-05-31,,annual,Do not use for research conclusions.,,n/a,settlement_lab/src/data/build_dataset.py,settlement-lab-credible-1.0,estimated,official,True,MOCK_DEMO_ONLY,5,30,Demo only,0.0,False,False,USD,UTC,daily,0.1,1618488.348336722,80924.4174168361,129.67762844326631,0.17097068731933512,0.8548534365966757,90.59661219743657,Moderate liquidity burden,"OLB estimates liquidity opportunity cost from prefunding, collateral, and buffers. Measurement framework only — estimates settlement economics under stated assumptions. Does not prove causal effects without identification. Not financial advice, not investment recommendation, not operational guidance for live payment systems.",card network,payment_system,
2024-06-01,settlement_bank,ACH/batch payment,USD,19665491.045692448,27531687.463969424,3795660.632813628,1138698.1898440884,1897830.316406814,1966549.104569245,759132.1265627256,0.05,0.045,519.9535113443326,Synthetic Demo Data,N/A,Settlement Lab generator,,2026-05-31,,annual,Do not use for research conclusions.,,n/a,settlement_lab/src/data/build_dataset.py,settlement-lab-credible-1.0,estimated,official,True,MOCK_DEMO_ONLY,5,30,Demo only,0.0,False,False,USD,UTC,daily,0.1,7591321.265627256,379566.0632813628,269.39028829715687,0.3860224617828736,1.9301123089143681,78.76876460194195,High trapped liquidity,"OLB estimates liquidity opportunity cost from prefunding, collateral, and buffers. Measurement framework only — estimates settlement economics under stated assumptions. Does not prove causal effects without identification. Not financial advice, not investment recommendation, not operational guidance for live payment systems.",ACH/batch payment,payment_system,
2024-06-01,settlement_bank,RTGS/wire,USD,23021026.59494309,32229437.232920326,3317633.376701473,995290.0130104418,1658816.6883507364,2302102.659494309,663526.6753402946,0.05,0.045,454.4703255755442,Synthetic Demo Data,N/A,Settlement Lab generator,,2026-05-31,,annual,Do not use for research conclusions.,,n/a,settlement_lab/src/data/build_dataset.py,settlement-lab-credible-1.0,estimated,official,True,MOCK_DEMO_ONLY,5,30,Demo only,0.0,False,False,USD,UTC,daily,0.1,6635266.753402946,331763.3376701473,315.3565286978506,0.28822636236650195,1.4411318118325098,84.1475500698424,Moderate liquidity burden,"OLB estimates liquidity opportunity cost from prefunding, collateral, and buffers. Measurement framework only — estimates settlement economics under stated assumptions. Does not prove causal effects without identification. Not financial advice, not investment recommendation, not operational guidance for live payment systems.",RTGS/wire,payment_system,
2024-06-01,settlement_bank,remittance operator,USD,32548491.836346116,45567888.57088456,6425395.300813162,1927618.5902439484,3212697.650406581,3254849.183634612,1285079.0601626325,0.05,0.045,880.1911370976935,Synthetic Demo Data,N/A,Settlement Lab generator,,2026-05-31,,annual,Do not use for research conclusions.,,n/a,settlement_lab/src/data/build_dataset.py,settlement-lab-credible-1.0,estimated,official,True,MOCK_DEMO_ONLY,5,30,Demo only,0.0,False,False,USD,UTC,daily,0.1,12850790.601626324,642539.5300813162,445.86975118282356,0.3948198480666977,1.9740992403334885,78.28490835633163,High trapped liquidity,"OLB estimates liquidity opportunity cost from prefunding, collateral, and buffers. Measurement framework only — estimates settlement economics under stated assumptions. Does not prove causal effects without identification. Not financial advice, not investment recommendation, not operational guidance for live payment systems.",remittance operator,payment_system,
2024-06-01,settlement_bank,mobile money,USD,14493560.210057832,20290984.294080965,2614053.3428697223,784216.0028609167,1307026.6714348611,1449356.0210057832,522810.6685739445,0.05,0.045,358.08949902324963,Synthetic Demo Data,N/A,Settlement Lab generator,,2026-05-31,,annual,Do not use for research conclusions.,,n/a,settlement_lab/src/data/build_dataset.py,settlement-lab-credible-1.0,estimated,official,True,MOCK_DEMO_ONLY,5,30,Demo only,0.0,False,False,USD,UTC,daily,0.1,5228106.6857394455,261405.3342869723,198.54192068572377,0.36071928566670536,1.803596428333527,80.1604392883312,High trapped liquidity,"OLB estimates liquidity opportunity cost from prefunding, collateral, and buffers. Measurement framework only — estimates settlement economics under stated assumptions. Does not prove causal effects without identification. Not financial advice, not investment recommendation, not operational guidance for live payment systems.",mobile money,payment_system,
2024-06-01,settlement_bank,tokenized settlement placeholder,USD,58729599.03348005,82221438.64687206,5031837.103378944,1509551.1310136833,2515918.551689472,5872959.903348005,1006367.4206757889,0.05,0.045,689.2927538875266,Synthetic Demo Data,N/A,Settlement Lab generator,,2026-05-31,,annual,Do not use for research conclusions.,,n/a,settlement_lab/src/data/build_dataset.py,settlement-lab-credible-1.0,estimated,official,True,MOCK_DEMO_ONLY,5,30,Demo only,0.0,False,False,USD,UTC,daily,0.1,10063674.206757888,503183.71033789444,804.5150552531514,0.17135608572809902,0.8567804286404952,90.57541528495456,Moderate liquidity burden,"OLB estimates liquidity opportunity cost from prefunding, collateral, and buffers. Measurement framework only — estimates settlement economics under stated assumptions. Does not prove causal effects without identification. Not financial advice, not investment recommendation, not operational guidance for live payment systems.",tokenized settlement placeholder,payment_system,
2024-06-01,settlement_bank,card network,USD,18411880.4954716,25776632.69366024,988699.2664376061,296609.7799312818,494349.63321880304,1841188.04954716,197739.85328752123,0.05,0.045,135.43825567638441,Synthetic Demo Data,N/A,Settlement Lab generator,,2026-05-31,,annual,Do not use for research conclusions.,,n/a,settlement_lab/src/data/build_dataset.py,settlement-lab-credible-1.0,estimated,official,True,MOCK_DEMO_ONLY,5,30,Demo only,0.0,False,False,USD,UTC,daily,0.1,1977398.5328752121,98869.92664376061,252.21754103385754,0.10739796694648072,0.5369898347324037,94.09311181794357,Efficient liquidity (estimated),"OLB estimates liquidity opportunity cost from prefunding, collateral, and buffers. Measurement framework only — estimates settlement economics under stated assumptions. Does not prove causal effects without identification. Not financial advice, not investment recommendation, not operational guidance for live payment systems.",card network,payment_system,
2024-06-01,settlement_bank,ACH/batch payment,USD,10627167.812880596,14878034.938032834,540427.836477331,162128.3509431993,270213.9182386655,1062716.7812880597,108085.5672954662,0.05,0.045,74.03121047634671,Synthetic Demo Data,N/A,Settlement Lab generator,,2026-05-31,,annual,Do not use for research conclusions.,,n/a,settlement_lab/src/data/build_dataset.py,settlement-lab-credible-1.0,estimated,official,True,MOCK_DEMO_ONLY,5,30,Demo only,0.0,False,False,USD,UTC,daily,0.1,1080855.6729546618,54042.78364773309,145.57764127233696,0.10170684155797531,0.5085342077898766,94.40612371431136,Efficient liquidity (estimated),"OLB estimates liquidity opportunity cost from prefunding, collateral, and buffers. Measurement framework only — estimates settlement economics under stated assumptions. Does not prove causal effects without identification. Not financial advice, not investment recommendation, not operational guidance for live payment systems.",ACH/batch payment,payment_system,
2024-06-01,settlement_bank,RTGS/wire,USD,21544039.739586286,30161655.6354208,5124728.817265721,1537418.6451797162,2562364.4086328605,2154403.9739586287,1024945.7634531442,0.05,0.045,702.0176462007837,Synthetic Demo Data,N/A,Settlement Lab generator,,2026-05-31,,annual,Do not use for research conclusions.,,n/a,settlement_lab/src/data/build_dataset.py,settlement-lab-credible-1.0,estimated,official,True,MOCK_DEMO_ONLY,5,30,Demo only,0.0,False,False,USD,UTC,daily,0.1,10249457.634531442,512472.8817265721,295.1238320491272,0.47574446382488267,2.3787223191244133,73.83405448963146,High trapped liquidity,"OLB estimates liquidity opportunity cost from prefunding, collateral, and buffers. Measurement framework only — estimates settlement economics under stated assumptions. Does not prove causal effects without identification. Not financial advice, not investment recommendation, not operational guidance for live payment systems.",RTGS/wire,payment_system,
2024-06-01,settlement_bank,remittance operator,USD,23127019.300585467,32377827.020819653,1557039.615100186,467111.8845300558,778519.807550093,2312701.930058547,311407.92302003724,0.05,0.045,213.29309795892962,Synthetic Demo Data,N/A,Settlement Lab generator,,2026-05-31,,annual,Do not use for research conclusions.,,n/a,settlement_lab/src/data/build_dataset.py,settlement-lab-credible-1.0,estimated,official,True,MOCK_DEMO_ONLY,5,30,Demo only,0.0,False,False,USD,UTC,daily,0.1,3114079.230200372,155703.96151001862,316.80848356966396,0.13465112774483387,0.6732556387241694,92.59418797403414,Efficient liquidity (estimated),"OLB estimates liquidity opportunity cost from prefunding, collateral, and buffers. Measurement framework only — estimates settlement economics under stated assumptions. Does not prove causal effects without identification. Not financial advice, not investment recommendation, not operational guidance for live payment systems.",remittance operator,payment_system,
2024-06-01,settlement_bank,mobile money,USD,15588283.913188938,21823597.47846451,916683.6412091331,275005.0923627399,458341.82060456654,1558828.391318894,183336.72824182664,0.05,0.045,125.5731015354977,Synthetic Demo Data,N/A,Settlement Lab generator,,2026-05-31,,annual,Do not use for research conclusions.,,n/a,settlement_lab/src/data/build_dataset.py,settlement-lab-credible-1.0,estimated,official,True,MOCK_DEMO_ONLY,5,30,Demo only,0.0,False,False,USD,UTC,daily,0.1,1833367.2824182662,91668.36412091332,213.53813579710877,0.11761187393226079,0.588059369661304,93.53134693372566,Efficient liquidity (estimated),"OLB estimates liquidity opportunity cost from prefunding, collateral, and buffers. Measurement framework only — estimates settlement economics under stated assumptions. Does not prove causal effects without identification. Not financial advice, not investment recommendation, not operational guidance for live payment systems.",mobile money,payment_system,
2024-06-01,settlement_bank,tokenized settlement placeholder,USD,26371190.875239823,36919667.22533575,6085799.169836314,1825739.7509508943,3042899.584918157,2637119.0875239824,1217159.8339672629,0.05,0.045,833.6711191556595,Synthetic Demo Data,N/A,Settlement Lab generator,,2026-05-31,,annual,Do not use for research conclusions.,,n/a,settlement_lab/src/data/build_dataset.py,settlement-lab-credible-1.0,estimated,official,True,MOCK_DEMO_ONLY,5,30,Demo only,0.0,False,False,USD,UTC,daily,0.1,12171598.339672629,608579.9169836314,361.24919007177846,0.4615490592463409,2.307745296231704,74.61480174145126,High trapped liquidity,"OLB estimates liquidity opportunity cost from prefunding, collateral, and buffers. Measurement framework only — estimates settlement economics under stated assumptions. Does not prove causal effects without identification. Not financial advice, not investment recommendation, not operational guidance for live payment systems.",tokenized settlement placeholder,payment_system,
2024-06-01,settlement_bank,card network,USD,19905382.770114467,27867535.878160253,4882715.12208588,1464814.5366257639,2441357.56104294,1990538.2770114467,976543.0244171759,0.05,0.045,668.8650852172437,Synthetic Demo Data,N/A,Settlement Lab generator,,2026-05-31,,annual,Do not use for research conclusions.,,n/a,settlement_lab/src/data/build_dataset.py,settlement-lab-credible-1.0,estimated,official,True,MOCK_DEMO_ONLY,5,30,Demo only,0.0,False,False,USD,UTC,daily,0.1,9765430.244171761,488271.5122085881,272.6764763029379,0.4905924370785463,2.4529621853927317,73.01741596067995,High trapped liquidity,"OLB estimates liquidity opportunity cost from prefunding, collateral, and buffers. Measurement framework only — estimates settlement economics under stated assumptions. Does not prove causal effects without identification. Not financial advice, not investment recommendation, not operational guidance for live payment systems.",card network,payment_system,
2024-06-01,settlement_bank,ACH/batch payment,USD,29074891.92124198,40704848.68973877,2062607.0835576656,618782.1250672997,1031303.5417788328,2907489.192124198,412521.41671153315,0.05,0.045,282.54891555584464,Synthetic Demo Data,N/A,Settlement Lab generator,,2026-05-31,,annual,Do not use for research conclusions.,,n/a,settlement_lab/src/data/build_dataset.py,settlement-lab-credible-1.0,estimated,official,True,MOCK_DEMO_ONLY,5,30,Demo only,0.0,False,False,USD,UTC,daily,0.1,4125214.167115331,206260.70835576658,398.286190701945,0.1418823560304095,0.7094117801520474,92.19647041832748,Efficient liquidity (estimated),"OLB estimates liquidity opportunity cost from prefunding, collateral, and buffers. Measurement framework only — estimates settlement economics under stated assumptions. Does not prove causal effects without identification. Not financial advice, not investment recommendation, not operational guidance for live payment systems.",ACH/batch payment,payment_system,
2024-06-01,settlement_bank,RTGS/wire,USD,35581320.45745319,49813848.64043447,4984081.117847902,1495224.3353543705,2492040.558923951,3558132.045745319,996816.2235695804,0.05,0.045,682.7508380613564,Synthetic Demo Data,N/A,Settlement Lab generator,,2026-05-31,,annual,Do not use for research conclusions.,,n/a,settlement_lab/src/data/build_dataset.py,settlement-lab-credible-1.0,estimated,official,True,MOCK_DEMO_ONLY,5,30,Demo only,0.0,False,False,USD,UTC,daily,0.1,9968162.235695802,498408.1117847901,487.41534873223554,0.28015155445440415,1.4007577722720208,84.59166450500777,Moderate liquidity burden,"OLB estimates liquidity opportunity cost from prefunding, collateral, and buffers. Measurement framework only — estimates settlement economics under stated assumptions. Does not prove causal effects without identification. Not financial advice, not investment recommendation, not operational guidance for live payment systems.",RTGS/wire,payment_system,
2024-06-01,settlement_bank,remittance operator,USD,21273528.716212112,29782940.202696957,1549202.7325020195,464760.81975060585,774601.3662510097,2127352.8716212115,309840.5465004039,0.05,0.045,212.21955239753692,Synthetic Demo Data,N/A,Settlement Lab generator,,2026-05-31,,annual,Do not use for research conclusions.,,n/a,settlement_lab/src/data/build_dataset.py,settlement-lab-credible-1.0,estimated,official,True,MOCK_DEMO_ONLY,5,30,Demo only,0.0,False,False,USD,UTC,daily,0.1,3098405.465004039,154920.27325020195,291.4182015919468,0.14564605178278717,0.7282302589139358,91.98946715194671,Efficient liquidity (estimated),"OLB estimates liquidity opportunity cost from prefunding, collateral, and buffers. Measurement framework only — estimates settlement economics under stated assumptions. Does not prove causal effects without identification. Not financial advice, not investment recommendation, not operational guidance for live payment systems.",remittance operator,payment_system,
2024-06-01,settlement_bank,mobile money,USD,15345766.807266401,21484073.53017296,3302482.5403812635,990744.762114379,1651241.2701906317,1534576.6807266402,660496.5080762528,0.05,0.045,452.3948685453786,Synthetic Demo Data,N/A,Settlement Lab generator,,2026-05-31,,annual,Do not use for research conclusions.,,n/a,settlement_lab/src/data/build_dataset.py,settlement-lab-credible-1.0,estimated,official,True,MOCK_DEMO_ONLY,5,30,Demo only,0.0,False,False,USD,UTC,daily,0.1,6604965.080762527,330248.2540381264,210.2159836611836,0.43040958224616044,2.1520479112308024,76.32747297646118,High trapped liquidity,"OLB estimates liquidity opportunity cost from prefunding, collateral, and buffers. Measurement framework only — estimates settlement economics under stated assumptions. Does not prove causal effects without identification. Not financial advice, not investment recommendation, not operational guidance for live payment systems.",mobile money,payment_system,
2024-06-01,settlement_bank,tokenized settlement placeholder,USD,49947615.679342434,69926661.9510794,5329045.057146326,1598713.5171438977,2664522.528573163,4994761.567934244,1065809.0114292651,0.05,0.045,730.0061722118254,Synthetic Demo Data,N/A,Settlement Lab generator,,2026-05-31,,annual,Do not use for research conclusions.,,n/a,settlement_lab/src/data/build_dataset.py,settlement-lab-credible-1.0,estimated,official,True,MOCK_DEMO_ONLY,5,30,Demo only,0.0,False,False,USD,UTC,daily,0.1,10658090.114292651,532904.5057146326,684.2139134156498,0.21338536323167623,1.0669268161583811,88.26380502225781,Moderate liquidity burden,"OLB estimates liquidity opportunity cost from prefunding, collateral, and buffers. Measurement framework only — estimates settlement economics under stated assumptions. Does not prove causal effects without identification. Not financial advice, not investment recommendation, not operational guidance for live payment systems.",tokenized settlement placeholder,payment_system,
